business_id,name,city,state,postal_code,latitude,longitude,stars,review_count,is_open
__Nv9WyOxNXyVQRcpE7aDQ,Ashbrook Dental Care And Orthodontics,Mesa,AZ,85203,33.4510909,-111.8029925,3.5,11,1
_1PTNxS1jGJIoEK8mkoryg,Dollar Tree,Tempe,AZ,85283,33.3631587,-111.9081872,4,8,1
_263Hi0kMpEGg6dtBXB3ag,Cold Stone Creamery,Scottsdale,AZ,85254,33.6239702,-111.9283808,3.5,15,0
_6KeQG5LVVLFvvXkoLZITQ,Alterations & Creations by Flor,Surprise,AZ,85388,33.6268095,-112.432251,5,39,1
_6YyhacgZwQikGFdwmBkEQ,West 54 Media Group,Scottsdale,AZ,85251,33.4910141,-111.9279126,2.5,3,1
_8T05Uw3pRdTT4OLr_MUGA,Happy Cats Smoke and Vape,Goodyear,AZ,85338,33.4564118,-112.3942218,3.5,3,1
_B3jnaQVtDXqydea1y92fQ,Texas Roadhouse,Phoenix,AZ,85051,33.578692,-112.1182908,3.5,272,1
_b5UJlGcBdEdoWBi2ZE5pA,"Cardiovascular Consultants, Ltd. Corporate Office",Phoenix,AZ,85032,33.6400707,-112.0000357,2,19,1
_jMnMTqW13TJgHHJrFc7Ig,Elliot Market,Goodyear,AZ,85338,33.3559499,-112.4316466,1.5,8,1
_JZ7hXqOZ_MngjPWFgER0w,Pizza People Pub,Phoenix,AZ,85004,33.46340471,-112.0740759,4,384,1
_o8ivJiJeU4ML9zyuVw4Lg,"Hazem Jabr, DDS",Phoenix,AZ,85018,33.5099969,-111.9880736,5,7,1
_rakvUrv3Ph5gM11VTRO-w,Arizona Gastroenterology and Liver Clinic,Peoria,AZ,85381,33.6129249,-112.2365082,2,4,1
_s-YX4dqi2ZNEu460yr1xA,Arizona Personal Defense,Mesa Arizona,AZ,85210,33.3622129,-111.85955,5,5,1
_uFPwnKuYByj9_Zq9-C0Og,Amazing Lash Studio - Arcadia,Phoenix,AZ,85018,33.4941043,-111.988346,4,72,1
_VEdHgfhRbuZYX7g4kFOsA,The Little Clinic,Tempe,AZ,85284,33.32173429,-111.9295589,4.5,10,1
_woMtztfcenCXKX4FLnnow,Enterprise Rent-A-Car,Mesa,AZ,85206,33.3906299,-111.6961031,3,37,1
_ZwDLtBopUHb6F2mIPFUJg,Oregano's Pizza Bistro,Scottsdale,AZ,85258,33.5819029,-111.9252145,4,468,1
096-QWLbAq6eWXTBSs9_yw,Water Heaters 4 Less,Tempe,AZ,85285,33.3928523,-111.9360171,5,63,1
0a2fKfP6_PIx0djDrcln6w,Subway,Mesa,AZ,85201,33.414116,-111.872118,3,6,1
0c79VOBqmzaYUUjO4sIbCA,Big 5 Sporting Goods,Peoria,AZ,85345,33.5756126,-112.2569611,4.5,3,1
0gi2SbVUwuxaO5omvuAXpg,Water and Ice,Peoria,AZ,85381,33.5960283,-112.2398406,3.5,4,1
0gNb5h-37yKBxvOnCxnEHQ,Grand Nails Lounge,Phoenix,AZ,85054,33.6537606,-111.9283976,4,135,1
0gVPTer9PnXRmSjuHt-XgQ,Silver Inn Restaurant,Calgary,AB,T2E 2Y7,51.07623244,-114.062241,3.5,10,1
0GWJPdsL0vtcQQIDlr1Z2Q,Batteries Plus Bulbs,Scottsdale,AZ,85254,33.61735104,-111.9272092,4,20,1
0HV8dSmn81fLVr1p-Tqocg,Harumi Yoga+ Holistic Healing House,Scottsdale,AZ,85255,33.6983138,-111.8912786,5,14,1
0QENa9h9EpCngf1PqhdmIQ,Aqua-Tots Swim Schools North Phoenix,Phoenix,AZ,85027,33.6988968,-112.1012916,4,15,1
0rjU_WK5HxoH1fIuEpTpcg,Zesty Zzeeks Pizza and Wings,Phoenix,AZ,85044,33.32936422,-111.9796339,4,311,1
0rNtenZamAH-1q-2qO9xLg,First Watch,Scottsdale,AZ,85254,33.61450584,-111.9266609,3.5,68,1
0X_J5lCwM12tJ8Esv-0lgg,Hertz Rent A Car,Scottsdale,AZ,85260,33.620161,-111.9066967,3,15,1
0X2CTFjc6Qb4MKm9MYphMQ,Phoenix Pediatric Dental,Phoenix,AZ,85015,33.5360372,-112.1000411,3,25,1
0YW1HVgjqgSoizdKRebL6A,MidFirst Bank,Tempe,AZ,85284,33.348697,-111.9302182,3.5,12,1
-0YY5yQ3ufLB6EoPBsHGig,"Wen H. Wang, DDS",Gilbert,AZ,85234,33.3673952,-111.7548053,5,3,1
15lL8wN9MuxcAKe6F8Iq-w,The UPS Store,Avondale,AZ,85323,33.43537487,-112.3054802,1.5,15,1
16rLCEnPWG1jYAgY7NorTQ,Parc Central,Scottsdale,AZ,85260,33.6255675,-111.9244742,3.5,41,0
1EAamFLu0vvSJtEIYov70g,Youngblood Haircutters,Phoenix,AZ,85053,33.6393628,-112.1223663,3,5,0
1hyCCKi1QHHxQDXI8je2YQ,Juicy Couture,Scottsdale,AZ,85251,33.5028371,-111.9294198,3,9,0
1-mycIcKFGbvqLE60XrwnQ,Chili's,Calgary,AB,T2E 6W5,51.130466,-114.010191,2.5,44,1
1N6_FgS6nq5eT_3x4MXm4A,Water N Ice,Phoenix,AZ,85029,33.5984029,-112.1508086,5,5,1
1nno5CjwR2JwUHMGZp2AzA,Starbucks,Goodyear,AZ,85338,33.45149,-112.394504,2,15,1
1P28UaisTKDyqED8DLp5TQ,Sunchain Tanning,Tempe,AZ,85281,33.4468707,-111.9269721,4,9,0
1Qs8-7DUkIYrQVjBzFqdnA,Sasaki Sushi & Bar,Scottsdale,AZ,85251,33.492301,-111.923019,4.5,78,1
1uTCCFnavYClZTJqb8-Lqg,Kiehl's Chinook Centre,Calgary,AB,T2H 0K8,50.9978823,-114.0740046,4,4,1
26f6AynQlxbbBo2u1VxkvQ,Walgreens,Surprise,AZ,85374,33.6395623,-112.4260731,3.5,11,1
26K4x4fO7LqDb6adRhSNQg,Mesa Public Library,Mesa,AZ,85201,33.4181911,-111.8295668,4.5,11,1
2BvYpmCSUyg625HEcQ4Qmw,DELIA'S Cleaners,Scottsdale,AZ,85259,33.58846361,-111.8347796,3.5,12,1
2GtIC6u4hVneccWfTlOxHQ,Hong Kong Gourmet Buffet,Phoenix,AZ,85048,33.3039011,-111.9784087,3,177,0
2IGXj5B9B4sMWtZIlMIOyQ,Bigelow Limousine,Paradise Valley,AZ,85253,33.5388471,-111.9641728,4,8,1
2IHmggMLM-hDq4dFmwgzDw,Streets of New York,Phoenix,AZ,85022,33.6388923,-112.0661717,3.5,84,1
2MJd97hSFiaBGs_pWkjM3g,A & M Air Conditioning & Heating,Phoenix,AZ,85023,33.6323239,-112.0843614,4.5,8,1
2UtXzrjGsb0ptSemV5a-Mg,Costco Gasoline,Glendale,AZ,85308,33.641812,-112.232232,4,20,1
2Vl1jTanQ5GidYa9l-eDUQ,Second Heart Yoga,Phoenix,AZ,85018,33.4803371,-111.9840273,5,7,0
2vxlbp4LNvozU28dhqeNEg,Key Health Pharmacy & Compounding,Goodyear,AZ,85338,33.45306797,-112.3938009,5,7,1
2yjr1E-eFtj9afSXDN-j2g,Starbucks,Calgary,AB,T2S 1G9,51.009859,-114.0824059,3.5,3,1
30bg35wKXbHvEwrkcxXSkw,Highland Auto Repair,Chandler,AZ,85225,33.3322078,-111.8405173,4.5,33,1
32RDYS1pxMytL1rBSF__UA,Papa Murphy's,Mesa,AZ,85202,33.3775636,-111.8768373,4,22,1
3C5KnLOyYxWAz3y1dC4fsw,Wolfson Automotive,Phoenix,AZ,85032,33.6475375,-112.029633,4.5,6,1
3jy3CXO6gVEat4uB-E2msA,Orange Table Tempe,Tempe,AZ,85281,33.4229734,-111.9364826,3.5,104,0
3s18jqd-YZad723hTsC31A,Ross Dress for Less,Phoenix,AZ,85032,33.627553,-112.01057,3.5,8,1
3saG51hM2M14G5f-QwhGhg,Melt,Phoenix,AZ,85004,33.458466,-112.069568,4,354,1
3sva_eZx1T3pjFRM8_UYvw,BodyFuel Foods,Scottsdale,AZ,85251,33.49975448,-111.923697,3.5,23,0
3swjoD8A_7_0nJa_r36xCA,Mr. Appliance of Scottsdale & East Valley,Tempe,AZ,85282,33.3897576,-111.9343636,3,9,1
3-xQNQRSLoXHr09PHXqdQA,24 Hour Glass & Door Repair,Mesa,AZ,85210,33.3795745,-111.8327311,1.5,6,1
3YihZleZTBJiixc4uqStvA,Brooklyn Bedding,Phoenix,AZ,85031,33.5088773,-112.153589,3.5,7,1
3zEvzrHRcCuaE_-EWfstMg,Burger King,Goodyear,AZ,85395,33.48707876,-112.3632881,1.5,3,1
471fUA9qM7oQtVmGdf_Y9g,Dominos,Scottsdale,AZ,85266,33.77996937,-111.9250115,2.5,6,1
48ZF-cyTQ_St0NSMbXRlaw,Sonoran News,Cave Creek,AZ,85331,33.8316922,-111.9338637,1,4,1
4BteGRw4rpOPFeyf2hEoRA,Walgreens,Phoenix,AZ,85023,33.6115378,-112.111818,3,9,1
4EZWXsiUxcUNf8QQT2AQBA,The Dirty Pelican Grill,Glendale,AZ,85310,33.682848,-112.203559,2,37,0
4fLs0YXWk3MeZ6B16jZa9Q,Fit Body Bootcamp,Calgary,AB,T2H 0E8,50.98530649,-114.0709615,4,4,0
4j9ntEAxkjwdXkB7ZlQxgA,Opus 1 Orthodontic Studio,Scottsdale,AZ,85260,33.6388621,-111.8917382,5,9,1
4n7GLZ5WthcKTF9DMfrHrg,A A Sofa & Mattress Mfg,Phoenix,AZ,85019,33.49198981,-112.1375861,3.5,3,1
4owJVqdayODm4wcLoS3uCg,Gilbert Road Self Storage,Gilbert,AZ,85234,33.35747,-111.789397,5,11,1
4Puvwng-g8pBa7DtcYT8eg,One Church,Tempe,AZ,85284,33.3336278,-111.9142888,4.5,10,1
4qQseAKXwUVEmrqbaNwnCA,Michael A. Warren D.D.S. & Associates,Litchfield Park,AZ,85340,33.4930401,-112.3590635,3.5,3,1
4RuvMdSMADjX7z1moEPpNQ,"Michael Mahl, MD",Chandler,AZ,85224,33.308013,-111.859946,4,5,0
4wHiDJ38_zXEqPIAvF32-A,Kursten Ann Hair & Makeup,Scottsdale,AZ,85251,33.48222669,-111.9093162,5,29,1
4X2wKGRvcHpkLZDL0IBU7Q,Topline Foods,Phoenix,AZ,85027,33.696442,-112.10747,4.5,10,0
4zI9OsL8hY1FqVKRlU2bgA,High Sonoran Desert Painting,Phoenix,AZ,85048,33.30457,-112.015718,5,55,1
4ZJ015UEEbQ1EucZ6zkqKw,Ryno's BBQ,Gilbert,AZ,85295,33.3067786,-111.721472,3.5,16,0
50j2toP-qE0DgN1kSpF6WA,CSI Home Inspections,Phoenix,AZ,85254,33.6071829,-111.9403254,4.5,6,1
52C6L3kbcvMO7apMEG0l2g,MasterCraft Garage Door Service,Gilbert,AZ,85233,33.3519301,-111.8210866,4.5,106,1
53BM9Ectl8EJonBBjUX5Hg,Waterstone Mortgage,Phoenix,AZ,85018,33.5120064,-111.9961322,3.5,3,1
53BNC_RT-t54goHRg3U0dQ,Vogue Recovery Center,Phoenix,AZ,85016,33.5106684,-112.029752,4,4,1
55Qa10bDsz3e_mrvQyi-Gw,Stein Mart,Chandler,AZ,85286,33.265088,-111.856088,3,8,1
59ctJjdmere6Yh9pk-gX8w,Sam's Market & Liquor,Scottsdale,AZ,85257,33.4663854,-111.8934221,3.5,14,1
5A6-vfbdNqOv9FEthXfzJg,Discount Locksmith,Phoenix,AZ,85032,33.6210577,-112.0299849,4,4,1
5dyUaOz-7vHPksnLQmO2hw,Supercuts,Chandler,AZ,85248,33.251485,-111.840672,2.5,13,1
5FlAzFhol1DBwo4HK4OtSw,Coon Bluff,Mesa,AZ,85215,33.54581883,-111.638604,4,5,1
5GdbRZ9g5CzuIxxkHmZgBQ,AES Home Improvements,Mesa,AZ,85208,33.4048033,-111.6035867,4,7,1
5KYeHYeaFZLRO9BldWPa0w,Vitality Fitness Calgary,Calgary,AB,T2H 0L9,50.985117,-114.070655,2.5,3,1
5MTjdMWCubDTZ9q3baYY2w,Byron's Plumbing,Calgary,AB,T2G 3Z7,51.0216205,-114.0574635,3,4,1
5MV7wvwTtObPeKSS8elYvw,Dhl Worldwide,Tempe,AZ,85281,33.4423827,-111.9528327,1,6,1
5qSQYBLQzAofCluoMH2_BA,Northwest Endodontics,Peoria,AZ,85381,33.6108996,-112.230438,5,4,1
5smucUXKMJOzeWAQqSDzgA,Cornerstone Christian Fellowship,Chandler,AZ,85286,33.2830145,-111.8572023,4,46,1
5sTFevXhGx01eLT4wF7Urg,Tanzy,Scottsdale,AZ,85254,33.62442493,-111.9238117,3.5,376,1
5TFiZOGlhyYdZ5U67QWReA,Starbucks,Phoenix,AZ,85023,33.611566,-112.099131,3.5,34,1
5UBBvRn8Id3a_5HL_KnVIQ,Charming Nails And Spa,Phoenix,AZ,85016,33.4940892,-112.0145176,5,12,1
5Uz3tGJ-v0FJkpMFYME9Kw,InnPlace Hotel,Phoenix,AZ,85051,33.5793892,-112.1195513,2.5,9,0
5vdIIj05D38EnRr-L4rS8Q,Jackson Hewitt Tax Service,Tempe,AZ,85283,33.378159,-111.951462,3.5,3,1
5XRilKKaGQ89TYA4kbEHTw,American Vision Windows,Mesa,AZ,85202,33.4081811,-111.8802406,4,59,1
6_OZAAjK8UMdJbZsA5c_0w,Johnson Fitness & Wellness,Phoenix,AZ,85028,33.582972,-111.976465,2.5,3,1
61bOz7ns1xUE6HaU6a4TZQ,Elixir Fine Tea,Calgary,AB,T2N 3P8,51.0525315,-114.0913887,5,3,0
6a63cLJVCYR6YMc1RmsUSg,Safeway,Phoenix,AZ,85032,33.624444,-111.978963,3,20,1
6Aedl3BvzqbXn6dcjjIdhQ,Freshii,Calgary,AB,T2J 0P6,50.9656607,-114.074168,3.5,5,1
6AHFkjI_ik9LDbNMoCtNHA,Express Pass Air,Glendale,AZ,85308,33.670155,-112.183107,1,3,1
6c4AW8WTpTA_xZYOrJx3Eg,KFC,Phoenix,AZ,85044,33.3054,-112,1.5,50,1
6dyBgHjHelgb3ujJp1dCUQ,Panago Pizza,Calgary,AB,T3G 4J8,51.12686827,-114.2001147,3.5,10,1
6fhtcLZKxZiatChDbvL-bA,Moon Korean BBQ,Calgary,AB,T2X 1N4,50.91404913,-114.0639156,3.5,20,0
6G0wV2-ONM-YyaDKRB9BTw,Amherst Plaza Animal Hospital,Phoenix,AZ,85053,33.6256157,-112.1339898,5,7,1
6G8lspClnW9ayfLuHNT1kg,All American Arborist,Peoria,AZ,85383,33.7868136,-112.28609,5,4,1
6hU8BcneJMf4KPO_A4ARfQ,Karen's Pawsome Pet Care,Scottsdale,AZ,85254,33.6071829,-111.9403254,5,7,1
6JIB1dfQYNe1Y9Cvz5Vdtw,"Mehdi K. Mazaheri, MD",Scottsdale,AZ,85250,33.5202154,-111.9248153,4.5,10,1
6JKGSFvTKfBhnwJ-gBKw5A,Phoenix Puzzle Room,Phoenix,AZ,85004,33.4495391,-112.0738275,4.5,46,0
6o50aaRNo7X559y-SAtnXQ,Shamrock Foodservice Warehouse,Phoenix,AZ,85015,33.49620117,-112.1120784,4.5,8,1
6QvECMhREePTl2mgaJwOSQ,Firehouse Subs,Chandler,AZ,85226,33.30584098,-111.9462968,3,30,1
6Uf3RcK16NZeTxYTHXAD-Q,Magnum's Cigars Wine & Liquor,Phoenix,AZ,85024,33.6535259,-112.0642482,4,141,1
6wJ4D0FGm8t9EyNh77xysQ,Oakridge Apartment Homes,Phoenix,AZ,85053,33.6267572,-112.1305703,1.5,8,1
6Zk5F7fsTr8n2CJTlaxHlw,BevMo,Phoenix,AZ,85085,33.71445212,-112.1104994,3.5,54,1
7_SW-4a1s6H5AvvQkfo6Ng,New Way Collision,Phoenix,AZ,85034,33.427445,-112.0552288,5,3,1
75fFpZlOe__9wfUiAXYafQ,T&T Supermarket,Calgary,AB,T3K 0B3,51.14041676,-114.0686184,3.5,19,1
76I2Wb6yzzwpiAs4Z8fpCw,Los Altos Ranch Market,Glendale,AZ,85303,33.5107201,-112.2041144,3,5,1
76phOdww5kJEJUaI8aAB1g,Dwell Inspect Arizona,Phoenix,AZ,85020,33.5391204,-112.0477923,5,24,1
77slEabsN09LvSL5-u5Lcw,Cam The HandyMan,Surprise,AZ,85388,33.6199862,-112.3751814,3.5,3,1
79t_quk0Jxi1koZg6q19AQ,Arizona School of Real Estate & Business,Glendale,AZ,85308,33.6474,-112.2363991,4.5,23,1
7k-dfkbo4DNUxy1BYZqXeA,Air America Inc,Peoria,AZ,85345,33.571331,-112.206513,3.5,3,1
7N0q1252OERADpbdAiyVSg,Cellphone 911,Tempe,AZ,85282,33.3817811,-111.92407,5,34,1
7nNtjlWDnj0YI80I8gjbdQ,Dignity Bail Bonds,Phoenix,AZ,85004,33.4485432,-112.0741577,4,11,1
7Ny2GHLw8xl_kXfhfrvh5w,BLD Chandler,Chandler,AZ,85286,33.2770025,-111.8753357,3.5,662,1
-7q9m5IByOBdFUZe0qXY2Q,Dignity Health AZ General Hospital Emergency Room-Mesa,Mesa,AZ,85205,33.4491515,-111.6835088,2.5,31,1
7RZ7YOH-m6fiLa559W4Mgg,ProTech Spa Service,Phoenix,AZ,85064,33.5098061,-112.0388006,5,6,1
7ScUrP_qnSmFpzcg70vsRw,Paladin Roofing,Glendale,AZ,85301,33.545658,-112.196953,2.5,3,0
7Tg0iSeowwaz4os0cy4-8A,Armand's Piano and Furniture Restoration,Mesa,AZ,85210,33.394723,-111.824881,4.5,6,1
7V7zEk69lVzWhY-iCK6X8Q,North Scottsdale Nursery and Cactus,Scottsdale,AZ,85255,33.716347,-111.9247459,3,25,1
7WZz6pi9S_o1u584KMFiVg,Vitalant - Glendale,Glendale,AZ,85224,33.653451,-112.184843,4.5,14,1
7Yi6_EvLFg4mjrWjfjQGtg,Venkatesh K S MD,Gilbert,AZ,85234,33.3778004,-111.7842896,5,3,1
7yJmPDB9SjpQrvN_ZoIylw,Great Clips,Mesa,AZ,85202,33.36336899,-111.8761444,3,22,1
-7ZjpebPJPYsAkOCDAZ-Sw,Mattress Firm Silverstone,Scottsdale,AZ,85255,33.69721742,-111.9246729,5,5,1
805_QIlloiLYzBjmirJV8w,Ascending Koi Tattoo & Apparel,Calgary,AB,T3E 8L1,51.0662329,-114.0560224,4.5,3,1
89o4F_z8W7U8jk_JVHOnJQ,Dizzy's Sports Pub,Phoenix,AZ,85020,33.54023216,-112.0648813,4,13,0
8BGGFZNk4CrlbAeAaI2Dpg,Shea Nails,Scottsdale,AZ,85260,33.5835659,-111.8835521,3.5,47,0
8lW5yOP_og6LpO8JuS9hOg,T & C Auto Service,Phoenix,AZ,85027,33.6829046,-112.0848039,4.5,3,1
8LYul-0GwtmoYOoXX1fpwg,Valentina's Bridal & Tailors,Phoenix,AZ,85016,33.5318669,-112.047759,5,87,1
8mCAtENbziukrLonPKD9DA,Comikaze and Toys,Goodyear,AZ,85395,33.4654721,-112.3560366,4.5,76,0
8MTzWi0aJw4EXg2MfSSmCQ,Desert Ridge Marketplace,Phoenix,AZ,85050,33.67429783,-111.9757042,3.5,124,1
8nISCgaCY3pNLd8ePEpqdg,H&R Block,Chandler,AZ,85248,33.23433974,-111.8605694,3.5,3,1
8SCjEgXB0kNTmOTwRjpFuA,Pure Fitness,Phoenix,AZ,85051,33.5550291,-112.1323809,2,4,1
8SNmioEF_5XG6GKg-uZSqA,Massage Scapes,Fountain Hills,AZ,85268,33.605101,-111.71965,4,4,0
8VdKgmX45uPFW4Ltty1tCQ,Electronic Wizards,Surprise,AZ,85379,33.6071869,-112.3933836,4,4,1
8w6x4zcBVfJpUvqBf94hAw,Salon Centric,Phoenix,AZ,85037,33.5079828,-112.2756117,4,3,1
9_2rMvDb4yhN85kHJhIp9g,Top Dog Grooming,Mesa,AZ,85203,33.4358654,-111.8157301,4,29,1
905y4M-RFgL2TiSsaKGxzg,Good Earth Cafe,Calgary,AB,T2P 4R5,51.0525738,-114.0683471,2.5,11,1
90bL34o2KEes9pUnCOm7pQ,The Gladly,Phoenix,AZ,85016,33.508931,-112.034109,4.5,751,1
93cMKsDODg9iCXVAON2JXw,Rolfs Salon at Arrowhead,Glendale,AZ,85308,33.6665235,-112.2030908,4,37,1
93-PZY0JfAoj9uP2oOC4Ew,Los Chilitos,Calgary,AB,T2H 1C3,50.985765,-114.0512,3.5,18,1
9BPWBmDOS6w6nyu5-6JRjg,Calgary Scrap Auto Removal,Calgary,AB,T1Y,51.0844355,-113.9546185,1,3,1
9F51_DuFa3PTYWm8nO3Pdw,Le Chateau,Calgary,AB,T2H 0K3,50.9978823,-114.0740046,3.5,3,1
9fwbxvLXrkkGANMkqE3LUw,WinCo Foods,Mesa,AZ,85206,33.39319051,-111.6832412,3,13,1
9hLoRFQ993aZ9kZZ2RXiIg,Cheap Fast Towing,Gilbert,AZ,85233,33.363862,-111.803933,1,4,1
9LdvD5AzftSghCUKVkKirQ,Bell Tower Liquors,Glendale,AZ,85308,33.6390409,-112.1960122,4.5,6,1
9ls7evtzO9aaj0wnv-GD4A,Party People,Phoenix,AZ,85014,33.5214953,-112.0653728,4,25,1
9MLkFUNj7s1DnkGDv4DjyQ,AZ Master Barbers,Phoenix,AZ,85008,33.4736745,-111.9862587,5,15,1
9TrpkS_SUABoVl6aWfVmug,Aloft Phoenix-Airport,Phoenix,AZ,85034,33.4485807,-111.985924,3.5,172,1
9WuE4W8bEcVX9ZDn1PygfA,SteakenBurger / Long Wongs Wings,Phoenix,AZ,85021,33.5672292,-112.1034416,3.5,72,0
9YpGTKPQQlwNdrs_WijYdg,Second Cup,Calgary,AB,T2G 2M2,51.046473,-114.057859,3,3,1
9Z-x5wu1_nYdwRSB0ZsNBw,Perfect Teeth,Tempe,AZ,85284,33.3479553,-111.9121462,2.5,6,0
a7xCeK3wGSb67WViFulgYg,Shoppers Supply,Chandler,AZ,85286,33.263243,-111.861722,4.5,37,1
aA0QGhem_q5GK54O7mtUlA,Chanel Molleo Beauty,Phoenix,AZ,85040,33.4040693,-112.029752,5,13,1
aaOMbuURuZKDCHhbsMN-yQ,Window Works,Chandler,AZ,85286,33.2664407,-111.8210866,5,6,1
abFjoHMHuq1tqZg2prgRUQ,Encanto 18 Hole Golf Course,Phoenix,AZ,85007,33.4783948,-112.0909983,3.5,18,1
AbLg3cISK4Wnw_UGy9EQDg,Massage on the Go!,Peoria,AZ,85345,33.56042609,-112.2942088,5,9,1
aBmuthrQ7yP8cnbgkxU5Ug,24th Street Pizza & Gyros,Phoenix,AZ,85016,33.4880275,-112.0299544,3,73,1
aByEXqPlzfOqXn0B5mH6Hg,4th Spot Kitchen & Bar,Calgary,AB,T2M 3A1,51.0758439,-114.071193,4,127,1
aCatlc0mma9X6ld1RB193Q,Crowfoot Panda Flowers,Calgary,AB,T3G 3T2,51.12788646,-114.1957861,2.5,7,1
ADk6zXVpXFK53vpGIcUMmQ,Eco Signs,Peoria,AZ,85382,33.6348639,-112.2425465,5,3,1
ADZ_-QjhTgUsadTegHABJQ,Appliance Specialists Service Company,Mesa,AZ,85284,33.4351249,-111.8151415,1,4,1
AF51nM-fjYjBVJRo6cR_Ow,Hampton Inn Phoenix-Midtown-Downtown Area,Phoenix,AZ,85013,33.482432,-112.0773985,4,56,1
AFQYw_mHympdWrtx7LZPmw,Arizona Performance Sports Medicine & Orthopadeics,Gilbert,AZ,85234,33.36576832,-111.7378054,3.5,3,1
AfrPdFZTyQAjnrM0nx9H2w,Sahara Sweet,Phoenix,AZ,85051,33.5540218,-112.1171303,5,4,1
AgSpqFG4bjvtn-bWChAsOQ,The Art House Gilbert,Gilbert,AZ,85234,33.3512484,-111.7899458,5,22,1
aGZPBbF5JqwbCu4aYXbHYQ,Restaurante Y Pupuseria Los 3 Hermanos,Phoenix,AZ,85015,33.50157475,-112.1002268,4,6,1
aiDttANJtta5fq7Xg2id7w,Phoenix Rod & Gun Club,Phoenix,AZ,85041,33.3558257,-112.0858562,3.5,10,1
AJfzsqkfo-Pdx--i0LrYuA,Spur Cross Bed and Breakfast,Cave Creek,AZ,85331,33.8253904,-111.9406962,4.5,11,1
AlFk8Yv3gSbEQh2llgvknQ,Bike Zone,Phoenix,AZ,85017,33.5370954,-112.1347547,3.5,7,1
alRjOUiiLPCWqE-F6MW9ew,Altitude Sixteen 75 by ConAm Management,Phoenix,AZ,85020,33.547051,-112.046143,3,25,1
An9XHX1IBZHad86Gt2rV0Q,Shell,Scottsdale,AZ,85255,33.70072044,-111.9247794,5,3,1
A-o8KeKl3oxQU6MywvjA7g,Officemax,Mesa,AZ,85204,33.3820746,-111.8029091,2.5,21,1
aomyg5nd8eU6Oy82-cqnHA,Wells Fargo Bank,Phoenix,AZ,85012,33.481544,-112.074192,2.5,10,1
apkBGVoLwgMU7_bqpdY_lg,Evolution Ink,Gilbert,AZ,85233,33.365662,-111.823784,5,3,1
AQIOTDvilau4lGdIp1_15w,Serenity Massage,Scottsdale,AZ,85260,33.6134664,-111.8643159,5,3,0
AQlnAVtrP1iCe7fDVc0Sww,Kaffir Lime Indonesia Grill,Calgary,AB,T2H 0M1,50.98435935,-114.0728722,4,22,0
Ar8psKX-74G7HM7n6U1xoA,Surprise Auto Repair,Surprise,AZ,85374,33.642388,-112.3456656,3,10,1
auhdhOiQJVm3fjeoEUnVqg,Glendale Glass,Glendale,AZ,85301,33.5401667,-112.1717804,5,4,1
AURnUbPPsd5NIwF7ZSoJkA,Arnold Churgin,Calgary,AB,T2J 3V1,50.9496888,-114.0614165,3.5,3,0
avvovydp5lhkVaFWN05doQ,Flavors of the West,Litchfield Park,AZ,85340,33.4929042,-112.3586706,4,3,1
axpxUVgNMNFHa5os4l-rSw,Amanda Enger,Mesa,AZ,85205,33.4235104,-111.6857754,3.5,3,1
azcg_x32Y3MUXevet_2ZFA,The Music Store,Mesa,AZ,85202,33.3790984,-111.8915099,4,21,1
aZnSqhKYKjvY3QrjS27MmA,Associated Cabs,Calgary,AB,T2E 2N4,51.0898322,-114.0570471,2,42,1
B1Bhti3_TaeF1Da2bjA4vA,Galleria Apartments,Glendale,AZ,85304,33.5833933,-112.189887,2.5,3,1
B1Ql4XqmPbHEKK75PcY1cA,RE/MAX Power Realty,Tempe,AZ,85284,33.3220931,-111.9295556,3.5,3,1
b1s8c1CTlHmLIlNGI9q-mQ,Donna's Bakery Cafe,Tempe,AZ,85284,33.349696,-111.94761,4,101,1
B4gPncqf6AQmn609_SiFgQ,Sienna Springs Dental,Gilbert,AZ,85296,33.30994925,-111.772012,5,16,1
B6Lja_ShYdicusIlEvaotQ,Carlson Creek Vineyard,Scottsdale,AZ,85251,33.4956701,-111.9291935,4.5,32,1
b83NNHvvWQk-DTTzs-3WLA,Which Wich,Phoenix,AZ,85028,33.583967,-111.978662,3.5,68,1
ba4sQdUchMmqXIHuvBAEjw,"Ashwin R Patel , MD",Phoenix,AZ,85015,33.5237496,-112.109413,3,8,1
BA78uJpCJUc7lYy0d6kznQ,Sono Bello,Scottsdale,AZ,85260,33.637365,-111.8821036,2,17,1
bAchTGTruElGvUDk9ujnTw,Jiffy Lube #2088,Phoenix,AZ,85020,33.5533673,-112.056137,3.5,31,1
bAWUBRp4xV9D4yemjKjNYA,Chehra The Waxing Studio,Calgary,AB,T3C 2E7,51.0460543,-114.1422686,5,3,1
bCm3qjmxCPXw-k8BTS-m7A,Nordstrom Rack Arrowhead Crossing,Peoria,AZ,85382,33.63710962,-112.2211602,3,51,1
bdVxctBQ---wJjeFah4zbQ,"Your Family Dentist, PC",Peoria,AZ,85381,33.5961334,-112.23981,2,4,1
BDZGYuwUamAk2pE_PbBO-w,Papa John's Pizza,Goodyear,AZ,85395,33.473213,-112.391764,2,23,1
BEc3HRXw8xSEL2C6e47jRQ,Sheraton Grand at Wild Horse Pass,Phoenix,AZ,85226,33.2665198,-111.99188,3.5,224,1
BEM_Sli_-Y8mdTTK0-NdiA,Long Wong's,Glendale,AZ,85301,33.513395,-112.186894,3,16,1
bf4futLpZiXohBLUE7Yfhw,The Café at Heard Museum North Scottsdale,Scottsdale,AZ,85262,33.7816033,-111.9257693,4,5,0
bgGWEoYVUcQwky7-LwJxlg,Austin Linda MD,Phoenix,AZ,85006,33.4628408,-112.0572315,4.5,9,1
BGXhfI99gbuxH-mZWH_uGw,CrossFit Incendia,Peoria,AZ,85382,33.6786491,-112.2254636,5,15,1
BHKxSslPkHZEraHtTm-lJg,Guyette Facial & Oral Surgery Center,Avondale,AZ,85392,33.4919622,-112.3327748,5,3,1
BIM2l1FvxOW-RU33NKdPnQ,Full Circle Health,Mesa,AZ,85206,33.3820189,-111.7293378,4.5,22,1
BIMICEFM917JQwi5l4q6Gw,Chef Panda,Surprise,AZ,85374,33.636983,-112.3959909,4,161,1
bKQfAXa8S_aam0R7BaP_Iw,Family of Christ Child Development Center,Phoenix,AZ,85048,33.3048753,-112.0076108,5,3,1
BKw5tF_kX5D0whuGN5fwfg,DruWest Landscape,Glendale,AZ,85016,33.566034,-112.496879,2.5,16,1
BncSpY3IPix5s-4SOHCtLQ,Blue Wasabi Sushi & Martini Bar,Gilbert,AZ,85296,33.30798374,-111.7443013,3.5,344,1
BP3lrVqOWh0sI8olxXYPrw,Bianca Amor's Liquidation Supercentre,Calgary,AB,T1Y 6B6,51.0873736,-113.9906167,2.5,3,1
bp5ARRJu3_8CBsAS4tOWhA,US Airways,Phoenix,AZ,85034,33.4360502,-111.994973,1.5,509,0
br2pfq1_IeW4HBisF1n2TA,Affiliated Oral & Maxillofacial Surgeons,Glendale,AZ,85306,33.612291,-112.182097,5,7,1
bStMYHf7upgybcFWwa8ooA,Golf Club At Eagle Mountain,Fountain Hills,AZ,85268,33.5765693,-111.759143,4,28,1
Bt4Wq3orQDxwFnQpgcVrHA,Global Exotic Car Rentals,Tempe,AZ,85281,33.4224281,-111.8998862,4.5,10,1
buEqhdC_vCwfojbCHYMflg,The Lash Bar,Gilbert,AZ,85296,33.336104,-111.764928,5,6,0
bu-l4HQzkEdFUcjLzsG8tA,Jamie Elizabeth Photos,Phoenix,AZ,85023,33.6272938,-112.0893682,5,4,1
BxH_gbJN7HJhnSeqsHbydg,The Container Store,Phoenix,AZ,85016,33.50823093,-112.0386026,4,31,1
bXIsypL7r_-gqhxGJPxcfw,TJ Maxx,Mesa,AZ,85206,33.3907775,-111.6893613,4,5,1
bzM6pQt4WhbnVluFyOtnfA,Gilbert Self Storage,Gilbert,AZ,85296,33.3071725,-111.753674,3.5,6,1
c_Ho0oDzHOy-B1Af3EgtVw,New Expression Nails & Spa,Calgary,AB,T3A 0Z9,51.0926681,-114.1536815,3,12,1
c17HikzRjM65Afel5MUIOw,Cactus Carlos,Scottsdale,AZ,85251,33.4928913,-111.925281,4.5,5,1
C1Mu8Sjk9ArI4c5z0DVXSQ,Allstate Insurance: Kevin Lum,Chandler,AZ,85226,33.31935534,-111.930039,5,4,1
c3zDuO1toPbxHN8aWhZUkQ,Great Clips,Goodyear,AZ,85338,33.452376,-112.394244,3.5,8,1
C4i2eiTMv11bYqDmFgl6Tg,Phoenix Vape Supply,Phoenix,AZ,85013,33.4953491,-112.0823781,5,3,1
c9eGiYRaXMWWjEGfDScakQ,LensCrafters Optique at Macy's,Scottsdale,AZ,85251,33.50458845,-111.9297436,1.5,5,1
CCJ5DMQt2y6nPeVGzvXmZw,Ha Long Bay Restaurant,Calgary,AB,T2P 0W6,51.0467667,-114.06733,2.5,16,1
CcTvk2-unBwmAZmU3PlKww,Port of Subs,Tempe,AZ,85281,33.4424459,-111.9554486,4,32,1
cE9mrmGoSRTH3FkIS63i-w,The Living Room Wine Cafe & Lounge,Phoenix,AZ,85006,33.4743013,-112.0649235,4,36,0
CEuIS35iAlIDsx4uVRohXA,The Shout House,Glendale,AZ,85305,33.53286287,-112.2607719,3,120,0
cf09pm3jCGSsz3ofrnJ_zQ,TD Modern,Calgary,AB,T1Y 6Z2,51.0696604,-113.9863789,2,4,1
CfjExSZFfmOM3BYGzd120g,Tubby Dog,Calgary,AB,T2T 0A5,51.037994,-114.085597,3.5,139,1
ChlNKgihiBhmBNnHJA1Vjg,Furniture & Mattress Discounters,Chandler,AZ,85224,33.3405597,-111.8596617,3,16,0
Chv_lNz75DQNU8ePHaEIbg,Acorn Propane,Phoenix,AZ,85009,33.4391988,-112.1176978,4.5,14,1
CKmcyhItOYZOV-Jirm4dzQ,Desert Financial Credit Union,Phoenix,AZ,85034,33.44901913,-111.979567,2,15,1
cnfYugAYBFKgwDCTAVdViA,Pita Jungle,Phoenix,AZ,85085,33.71529041,-112.1133466,3.5,274,1
cOhHHG9UZyeKpTjjxePu2w,Lifecare Chiropractic,Mesa,AZ,85210,33.3818838,-111.8597158,4.5,9,1
CQ7xIFJrchV_IJES6FTc_A,Vaporice Peoria,Peoria,AZ,85381,33.6086879,-112.2399109,3,5,1
CtfCmOhJvpnTFcKm_MyQwA,Nekter Juice Bar,Chandler,AZ,85226,33.31806178,-111.9673131,4,146,1
CTmqpOPnDQnSzMsuk60l0w,Levi's Outlet Store,Glendale,AZ,85305,33.5339643,-112.2657155,5,3,1
ctuqwUnGF6Ok506yAfX7ww,Vamp The Salon,Scottsdale,AZ,85254,33.5809324,-111.9277257,4,7,0
CU71JKkBX04pEFrZ7-G-8w,2Pass Defensive Driving School,Gilbert,AZ,85236,33.3218492,-111.718567,3.5,3,1
cuLcsoNZ7Nh3jXY9JTkhBw,Galaxie Diner,Calgary,AB,T2R 1G7,51.0396863,-114.0892474,4.5,92,1
CwJL548UEHFlqcnsosRwEA,Massage Vacation,Scottsdale,AZ,85253,33.5807411,-111.92912,5,4,0
CX86HjLm-fK8ix0xe5LwiA,SanTan Brewing Company,Chandler,AZ,85225,33.30323174,-111.8423969,4,1238,1
CX9f_vR0DFEGOpEwFt-jKw,Phoenix Furniture Outlet,Tempe,AZ,85284,33.3497429,-111.966374,4.5,38,0
CXIPw1USIRXHhDbf6j0_Dw,AZ Auto Glass Tech,Phoenix,AZ,85028,33.583043,-112.007912,1,3,1
D_9PuqsC1nAfiXaZ0bCg2w,Advanced Auto Service & Tire Centers,Gilbert,AZ,85233,33.37849086,-111.8058727,4,12,0
D1IAnyb8oywXFhSGSRoC7g,U-Haul Moving & Storage at I-17 & Deer Valley,Phoenix,AZ,85027,33.68230377,-112.114149,3.5,13,1
D2233RvHafjsDV43vdhcFA,Cosmos Collision,Calgary,AB,T2V 2X4,50.97209345,-114.0743091,2,6,1
d2s2pORqQ28UxM8Uk93KOA,Bamboo & Spine,Calgary,AB,T2G 0S9,51.0412899,-114.0348147,4.5,4,1
D4BWyStFZzA7k8hqDmnyFw,Koreatown,Mesa,AZ,85202,33.4081638,-111.8712977,4,331,1
d5AJ2xFmc22qs_jLqVg0Xw,Boccia Nu Image Painting,Mesa,AZ,72041,33.4151843,-111.8314724,2.5,6,0
d5vrSsZ1j3U_tFlLBbbHEA,Tacos Dos Pinas,Avondale,AZ,85323,33.4334649,-112.3278161,5,4,1
d6qz12oUrdIxMJmg_T0XzQ,Allie Ollie Boutique,Phoenix,AZ,85032,33.60192011,-111.9836949,4.5,3,1
D8ejtfayE8IVzWnU7w3AAg,Kisler Creations,Gilbert,AZ,85297,33.2795664,-111.7055016,5,3,1
DA9dxVUSOxBKEJKLOPdD3w,Desert Horizon Outpatient Psychiatric Services,Mesa,AZ,85203,33.4517785,-111.8127716,2,6,1
DaDUwtlc7ZmWR-BuORMqpg,Todd's Private Car Service & Tours,Gilbert,AZ,85296,33.3492796,-111.7572212,5,18,1
dc6sPg9kNliz_Cy2yX19tw,Shogun,Phoenix,AZ,85032,33.6003783,-111.9786507,3.5,242,1
dd8hs1HjbqaHZmez35urng,The Restaurant Depot,Phoenix,AZ,85017,33.49235997,-112.1142036,3,34,1
ddDgN3A2jvEceJQqyDXRwQ,Phoenix Interfaith Counseling,Tempe,AZ,85282,33.3874001,-111.927051,2,3,1
dejlz35INXFt9fOJmjR_sg,Left Coast Burrito,Phoenix,AZ,85020,33.42812593,-112.0369401,4.5,29,1
DG3T0vaU7ZyIAAgpJY2RqA,Michael's Mailboxez,Phoenix,AZ,85023,33.6531901,-112.1003345,3,4,1
dHmLezNmX-VW8_Hfryv5tA,Taqueria El Guerrerense,Phoenix,AZ,85008,33.466091,-112.025083,3.5,9,1
dInxwF8kXVdfLEGTIBRrSw,Yoliberto's Fresh Mexican Food,Chandler,AZ,85225,33.335574,-111.843534,3.5,19,0
dJP0Jk-h-fq-CTIYlKrFBg,SKECHERS Factory Outlet,Chandler,AZ,85226,33.289203,-111.973192,1.5,3,1
Dk3H2CPh_yb6CaN11XEFMA,Sydney's Cafe & Market,Tempe,AZ,85281,33.43304462,-111.9042612,4,112,0
DKQJnSrmTxG0GKuD3Mk93Q,Town Shoes,Calgary,AB,T2H 0K3,50.9978823,-114.0740046,2.5,3,1
DLcgZ180-gdPsHoU78xQDw,Joe's Diner,Phoenix,AZ,85013,33.50269733,-112.0820439,3.5,243,1
DLKkxnj63P3HYlBQkg0J8g,Nationwide Vision inside JCPenney,Mesa,AZ,85206,33.389727,-111.6909193,2,5,1
dM08dd1YyA0lOaV_tfD_Dw,Funke Yoga,Scottsdale,AZ,85251,33.49922316,-111.9216295,5,11,1
dn59ZYm5fHOZwSHBtjTo9A,PetSmart,Phoenix,AZ,85042,33.3760427,-112.0282089,3,19,1
dpOWBBnpzpkIvhuLBFIg6w,Brian's Tire and Automotive Pros,Mesa,AZ,85210,33.3792283,-111.8274504,4,76,1
Duyqj4x9B0f-gvG5OoiYfA,Chapman Ford,Scottsdale,AZ,85251,33.49307334,-111.8906504,3,197,1
dV-1vpA-cPWUJ__mRl3BfA,Renewal by Andersen,Tempe,AZ,85282,33.39962,-111.951673,3,51,1
DX94cQnhBJjE4I7bTETBiA,Kyle's Bee Removal,Phoenix,AZ,85028,33.5821322,-112.0123434,4.5,23,1
DxHiH_GFh21dvbaM5qKUgA,Intown Suites,Phoenix,AZ,85043,33.4645516,-112.1675562,1,5,1
dZ-pQw6Pw5GBX2s2aieh3A,Oscar Movers,Phoenix,AZ,85015,33.4483771,-112.0740373,2,4,1
E_eIph8IT10Uo06ZdWwoUw,The Handlebar Tempe,Tempe,AZ,85281,33.42390199,-111.9402874,3.5,298,1
E2P5CeRC97Yuu7KD-MEJSw,My Surprise Nail Spa,Surprise,AZ,85379,33.6090402,-112.3926021,3.5,61,1
e4_yaymEatBX_HFPPhAJZg,Jalapeño's Mexican Grill,Calgary,AB,T2P 0K4,51.049937,-114.07937,4,25,0
e4qQlNEop42LoFBwv71dVw,Ruth's Chris Steak House,Scottsdale,AZ,85253,33.53925966,-111.9226411,4,402,1
E4rE5jkes9WHxgXx0l1kHA,New Romantic Nails & Spa,Phoenix,AZ,85032,33.640696,-112.0125246,4,24,1
E4xEqgPa6AWox2NBLtbZLw,Water 'n Ice,Mesa,AZ,85205,33.4220243,-111.7369657,5,6,1
e7oR6WPnt7252rvwtxj5og,Heather McCoy -  Integrative Headache Care,Scottsdale,AZ,85260,33.623659,-111.9251533,5,3,1
e7QI_pSH4klvYcHx7Lkx9g,Thaifoon Taste of Asia,Paradise Valley,AZ,85253,33.5649765,-111.9255543,2,4,0
E7UDr5VghZucaGAnETmphg,Auto Glass Excellence,Phoenix,AZ,85040,33.4084523,-111.9948043,5,18,1
e84VTxywvrRpNLvzKLFjJg,Great Canadian Pizza,Calgary,AB,T2P 1A1,51.0467964,-114.0835655,3.5,16,1
e8WzhbgDyBfFRXR4Zd01Lw,Wet Seal,Scottsdale,AZ,85251,33.5028371,-111.9294198,2,4,0
e9SnJv5VBeMLoYWtiM1CyQ,pt Health - Corporate Sport,Calgary,AB,T2P 3V8,51.0456662,-114.0771707,4,3,1
ec9mv9cUMObXqyh3yjgIbA,Walrus & The Pearl,Phoenix,AZ,85004,33.458382,-112.073555,4.5,68,0
eE0jJh_FMcF3KsQ4gyz56g,Mystic Lites,Tempe,AZ,85283,33.3684114,-111.9343636,5,5,1
ef3JvfbHxFWUXuM09NN-Sg,Papago Locksmith Tempe,Tempe,AZ,85281,33.42152,-111.9691091,1,3,1
efBFjHswyPa8Gsjl3pmKgQ,NALA Medspa,Phoenix,AZ,85028,33.636431,-111.879039,3.5,3,1
EI3T6XqE1aejRKNjVm0Oqw,Pontikas Implants & Periodontics,Phoenix,AZ,85012,33.52276,-112.068737,5,6,1
eIK4wh98sunbwMLhsWPjcg,Allure at Tempe Apartments,Tempe,AZ,85283,33.352366,-111.9591,3,15,1
EiyMR_Vy3Ma-mp04cOVHmQ,Hacienda Navarro Carnisseria,Peoria,AZ,85345,33.5831934,-112.2209374,5,4,1
eJzXzm0p0d_XSsXIS3pnew,Purolator Courier,Calgary,AB,T2T 0A5,51.0380248,-114.0863912,2,4,1
eKwGIkeo6miVLcCzygtBjg,Admirals Club,Phoenix,AZ,85034,33.43680724,-112.0017515,3.5,22,1
eMdu5-3_L27zQHC4mAfafQ,Kohl's - Lake Pleasant,Peoria,AZ,85383,33.712902,-112.2782293,3,22,1
eMxOnpb2p-nL_xapm-kGgQ,Dolls Bears & Suprises,Phoenix,AZ,85018,33.4944,-111.9964209,3.5,3,0
enJUVy50vGDDmcUCz4OlZg,Rebellion Pest Defense,Gilbert,AZ,85234,33.3679595,-111.7407332,5,3,1
ENwbIk_I4KTbzJt1XRSANA,Brio Jewelry,Tempe,AZ,85281,33.4259647,-111.9402513,5,22,1
Eo-w0mGKAALDQY4oomH_eg,Degree Air Conditioning & Heating Services,Mesa,AZ,85204,33.3817836,-111.8107462,3.5,23,1
EPvOFxYcm5uqBEHqJbqMiA,Hidden Cove Apartments,Phoenix,AZ,85027,33.652684,-112.101199,3.5,3,1
epWUSVMy4iBNoIyoymTt_g,Pedritos Mexican Food,Mesa,AZ,85204,33.4065892,-111.7715956,3.5,13,0
EQ85K9Ru6nCfIMt-SMHzGw,Elite Barber Shop,Glendale,AZ,85301,33.545363,-112.168603,3.5,15,1
esT5Nnlnr2SnmsH1P-8n-A,Safari Grill,Calgary,AB,T2A 5K4,51.049975,-113.993003,4.5,35,1
EWeD5TD9oeIPckXYQXlPIA,k9katelynn Dog Training,Phoenix,AZ,85024,33.6893937,-112.0416754,2.5,40,1
eWKio-IwbT9D2JT-1rQZIg,Petco,Fountain Hills,AZ,85268,33.57255,-111.7167327,4.5,12,1
EwS5ALk1aZw0O23DTCRaGw,CVS Pharmacy,Phoenix,AZ,85020,33.568303,-112.073275,1.5,10,1
EXCYPs0vTvjNLBrTy3VGUw,"Dane Buxbaum, ND",Phoenix,AZ,85044,33.617303,-111.892594,4,3,1
EYBA2MQUm1xkWRfo1rXaQw,BB Cafe,Chandler,AZ,85224,33.3061249,-111.8609991,3.5,13,0
EyF-YflX8yHRKAo7ATgH_g,Forever True Tattoo,Phoenix,AZ,85024,33.6625027,-112.0303506,5,20,1
EyLNJf2lTa1VCOyJQC_5TA,Los Altos Ranch Market,Phoenix,AZ,85017,33.5382879,-112.1331253,2.5,23,1
eZlvHRgvAloT-crDL9Z-iQ,Brightlynn Salon,Mesa,AZ,85201,33.4308313,-111.8781338,4.5,3,0
eZXhBAQ65BUtnc56r9U1Kg,Handyman Xtreme,Phoenix,AZ,85028,33.5725815,-112.0118669,4.5,33,1
f0Qg5HGw75zAko5VRMisfg,BeiBei Amigos Language Preschool,Phoenix,AZ,85024,33.6536099,-112.0637743,5,10,1
F2Y-nyjAU91nUHtUjALIKw,The Backroom Groom,Phoenix,AZ,85051,33.5520897,-112.1169812,5,8,1
f45gO2eX45vdr4l_CLFc0A,Scalebusters Pool Tile Cleaning,Scottsdale,AZ,85261,33.5531479,-111.8929284,5,3,1
f6DiDVwNgZuRkGKWqNEDyA,Orangetheory Fitness Goodyear,Goodyear,AZ,85338,33.439449,-112.423958,4.5,11,1
F9v9bdFqp-GxMEjABRoDyA,Starbucks,Chandler,AZ,85225,33.3493,-111.85863,4,37,1
f9XSKyibiTLnPqBuLOZYig,Carter's Babies & Kids,Phoenix,AZ,85015,33.5224329,-112.0962964,3.5,3,1
FAXiBiRrHh2jKVjIA0j28g,Thunderbird Family Medicine,Glendale,AZ,85302,33.5624696,-112.186689,4,23,1
FcUaG4Lm1j8eTCXWru7aQw,Little Chops,Glendale,AZ,85308,33.6703184,-112.1847189,4.5,33,1
fe-hpcmuxsNTR_dYZNBisw,Lovesick,Peoria,AZ,85383,33.7157182,-112.2748372,4,3,0
FG513CNLihJFC2a_L8_T_Q,Divine Digits Nail Boutique,Phoenix,AZ,85085,33.76182288,-112.0714835,3.5,3,0
FHkiHjbO6Oi8EFNKJ67xDA,Trill,Phoenix,AZ,85016,33.49456994,-112.02795,4.5,5,1
fkjlGmamIYQHgnrE18X1LQ,Angel Nails & Spa,Surprise,AZ,85374,33.63804327,-112.4155184,3,35,1
FkzNVY9zCeTLR57qrLV9-w,DICK'S Sporting Goods,Phoenix,AZ,85085,33.71422651,-112.1101383,2.5,41,1
fL1gboHwYZhEh11ARdfGNg,iSmile Dentistry,Glendale,AZ,85308,33.64088348,-112.2262216,2.5,12,0
fl8UupXFZOrt9gSyOkKySA,Morgan Park,Phoenix,AZ,85021,33.565907,-112.101955,2,7,1
fmOS-wxEf3xM349xR1oRgw,Circle K Food,Tolleson,AZ,85353,33.4566455,-112.2403285,2,4,1
FnqQ9fP7NbjHpnNqEM7jIA,Ohana Animal Rescue,Tempe,AZ,85281,33.4271587,-111.9086064,2.5,7,1
FNQXJ3E81OskBjoRVWiLGA,Hartt's Hairtherapy,Chandler,AZ,85226,33.2944263,-111.9013249,5,4,1
fo-KUYpR4lO6jdwH_phFxg,"Peter Levins, MD",Phoenix,AZ,85050,33.7252048,-111.9779538,4,4,1
FOsAK-sJ_47PAfl2EttN8Q,Silverhawk Advisory Group,Scottsdale,AZ,85255,33.6786107,-111.8922111,5,4,1
FPyDixYwkZr88jYFmi6DLQ,First Convenience Bank,Phoenix,AZ,85006,33.45985129,-112.046397,2.5,7,1
FQMfUtcKH_asUnVDTQ6s8Q,Ice Performance,Scottsdale,AZ,85260,33.6297769,-111.9187796,4,5,0
FrXqoFcQqh0UYCvHQTfu-w,Fuji Buffet,Phoenix,AZ,85014,33.508282,-112.048136,2.5,25,0
fTpkpMTa3KaJvxkzowXoiQ,Tuxedo Source For Sports,Calgary,AB,T2E 2V2,51.0750022,-114.0621634,4,3,1
fU3uckEUYecbkJwj_JSEWw,Arizona Hiking Shack,Phoenix,AZ,85018,33.4809204,-112.0108888,4.5,72,1
fUjMxTfQ72XsoQRUP2tHmA,Self Healing Acupuncture & Herb,Glendale,AZ,85308,33.6553194,-112.154248,4.5,8,1
FUz63VABr3jGIuDtYjOpqA,A&P Chinese Food Express,Calgary,AB,T3H 5P2,51.0637672,-114.1945129,4.5,3,1
FWkRdwpOV8gW3Z84q8HvBw,RSVP Social Club,Scottsdale,AZ,85251,33.499172,-111.921134,3.5,6,0
FXPJSDOEu-AbyQOui5s6Ng,Escape Adventure,Mesa,AZ,85209,33.3923484,-111.6774841,5,21,0
FzFaVBhnLcJX9YmYEK4E4A,Western Canadian Furnace,Calgary,AB,T2E 3Z6,51.0889421,-114.0122912,3,4,1
G36sLDVLgmhIYt1P8FpXAg,Epic Roofing & Exteriors,Calgary,AB,T2E 8K8,51.07345257,-114.0070796,2,3,1
g3DIvjKWNy-kD6tkGQ39GQ,Thai Express,Rocky View,AB,T4A 0G3,51.20405997,-113.9922171,3,5,1
g4wrw1gNCVrdaU5cRRQEbA,Italian Brothers Pizzaria,Litchfield Park,AZ,85340,33.49484227,-112.3391808,3,5,1
g6XEEPl1lQoqMNRYamGBlg,The Rimrock,Calgary,AB,T2P 2M3,51.0442653,-114.065001,3.5,12,1
G7kwUEmxFP_VMoGVQrl9Jg,Bradley Carpet Cleaning,Chandler,AZ,85286,33.2664407,-111.8210866,5,51,1
G8zFSnrALsy2xXElgEDVUw,NightRider Jewelry,Scottsdale,AZ,85251,33.50395,-111.9299371,5,11,1
GaEXBK59KJCO0qyap1Ye9A,Business Needs,Phoenix,AZ,85016,33.51088309,-112.0295374,3,4,1
GCV9lT4a0RRdgigz1FIu2A,Network Auto Group,Glendale,AZ,85301,33.5379825,-112.1636331,2.5,3,1
gDrNpxaExik8YqEkFY8HrA,Jiffy Lube,Gilbert,AZ,85296,33.3331275,-111.7549218,2.5,16,1
GdV24nwlR29MPqNXFglZnQ,Wendy's,Phoenix,AZ,85022,33.638116,-112.0660575,2,34,1
ghnALDuex8cbZRBExr_hpA,Scottsdale Nails & Spa,Scottsdale,AZ,85251,33.495756,-111.915915,2.5,43,1
GhWMl0J2gOOH61BhBMTAAA,Genghis Grill,Glendale,AZ,85032,33.6386479,-112.2172122,3.5,258,1
GJ9CgvTBKaDb9qLFEBbzHg,ThaiTini,Tempe,AZ,85281,33.4145067,-111.9250714,4.5,64,1
GJu1PCfT_s5gxgVxWqXoLQ,Minx,Mesa,AZ,85215,33.4512801,-111.7082265,5,12,1
GkdPyDsb8y0xfArDam0Ifw,Llantera Mil Amores 2,Phoenix,AZ,85041,33.3924324,-112.0824132,1,3,1
GLObol9ZkKPQOQ1LMsqkew,Perfect Pear Bistro,Phoenix,AZ,85048,33.30509317,-112.0566525,4,188,1
gLQzJ42YXzdl2TgQgybuRw,Arrowhead Flowers,Glendale,AZ,85308,33.63857,-112.19914,4.5,76,1
glW-ARLA3ZYCyuBmJ7Fz2w,Canada Dosa Corner,Calgary,AB,T2A 4L7,51.0454764,-113.9570195,3.5,15,0
gMRy3QfI9lCR1E-hu8vcvw,Verrado Golf Club,Buckeye,AZ,85396,33.495076,-112.517557,4,29,1
G-MtdxH3uV6BbytrxILTag,Jackson Hewitt Tax Service,Phoenix,AZ,85021,33.5544783,-112.1004552,3,4,1
gp1qvj_atHX3LpnKKCZAzg,D'ambrosio's Salon,Scottsdale,AZ,85258,33.57978658,-111.8889787,5,56,1
Gp52R-wsoFAyiZAMTPr6KA,Elevation on Central Luxury Apartments,Phoenix,AZ,85012,33.505391,-112.07412,3,20,1
gPK7baX7rd5JVvgytywRmw,Keep It Cut - Ahwatukee,Ahwatukee,AZ,85048,33.3044612,-111.9945187,4.5,29,1
gPRYo80661Y0iK3_-xq0fA,David & Friends Salon,Gilbert,AZ,85233,33.377419,-111.8100869,4.5,8,0
GpVk87Zw6IGXq5pPcuF7Sg,Bare Necessity Wax & Spa,Gilbert,AZ,85296,33.3441141,-111.7889009,5,158,1
GqNhqMFxSdSzNmUj-nofKw,McDonald's,Gilbert,AZ,85298,33.23524835,-111.7210823,1,26,1
Gqu4AGO3vOkiRAZiQmjxZw,EuroTechs,Tempe,AZ,85281,33.440166,-111.921376,5,39,1
GqWBT6OcQ9FXTyQ3eegpZg,That's a Wrap,Phoenix,AZ,85014,33.5095,-112.063826,4,101,0
GRbtOxII1H_WhNMlOxyLJg,Granite Depot,Glendale,AZ,85308,33.640529,-112.1860083,3.5,3,1
gSdNk7XZ0ytt9ojwuVwJdA,Public Storage,Mesa,AZ,85215,33.466613,-111.704035,4,25,1
gvHp2DgxEg82erXtU-zsgA,Credit Absolute,Scottsdale,AZ,85258,33.55120833,-111.8938959,5,25,1
GzYAIjVULpRrFV2dQMKDog,Pasto di Forno,Scottsdale,AZ,85254,33.585623,-111.9276099,5,83,0
h-_Z1GaCmjGr6ipGHEXA7g,Iconic Motorcars,Tempe,AZ,85281,33.4204607,-111.9670605,3.5,10,1
h3s8YP-SXkpgJwDzH9XOjw,Chubby Hubby BBQ Sport & Grille,Mesa,AZ,85206,33.4122752,-111.683851,1.5,14,0
h3YK_sTicYxBX2tfHlAoBg,Safari Drive Condominium,Scottsdale,AZ,85251,33.5051315,-111.9239769,2,4,1
H4AvltDM9QY8Up8z-ybUyQ,Karaikudi Palace,Scottsdale,AZ,85260,33.582486,-111.8923957,3.5,126,0
H4-Rl0AELF843Q2hIQDssQ,CNS Plumbing Services,Litchfield Park,AZ,85340,33.4933743,-112.3579364,4,5,1
h5vRXIwIzg2GSd-ypzwJUQ,Mitillinis Pizza & Steak House,Calgary,AB,T3B 4N7,51.1047446,-114.1879791,3.5,11,1
h9gIsfPmyQhmobV5iDZfng,Thermador Dacor Repair Center,Phoenix,AZ,85259,33.5910441,-111.7972384,5,12,1
hfeVrgJhqHQemiN2DmcDUA,Almada Roofing,Phoenix,AZ,85041,33.3885174,-112.1132142,3,11,1
Hh1I-rRuM1MwpyT0IuvXMw,Antojos Your Way,Phoenix,AZ,85037,33.49415444,-112.2920152,4,20,1
HHWl3KpWS1w1wGCiO77PHA,Beyond Today,Phoenix,AZ,85029,33.587672,-112.12027,5,4,1
HiEbnAhTv_EKlqqGWr0vVw,Lindstrom Family Auto Wash,Phoenix,AZ,85016,33.4946976,-112.0169437,4,194,1
hijTD4HjE9oTcaz_0_beCQ,Thunderbird Pools and Spas,Surprise,AZ,85378,33.642642,-112.34549,4.5,72,1
HKrvVhllPb_hkTCwDWOy1w,Verizon Authorized Retailer - GoWireless,Gilbert,AZ,85296,33.3361933,-111.7906709,4,17,1
hkV-IXchVrhrcwyTviqnvQ,Starbucks,Chandler,AZ,85249,33.234305,-111.790803,3.5,45,1
HmOjP901Qg0NrkeVQheFjA,Titan Automotive,Chandler,AZ,85225,33.3155053,-111.8409754,1.5,7,1
hN8aKr_aLUBqcfW5BV6F2Q,Scottsdale Polo Championships: Annual Event,Scottsdale,AZ,85260,33.6352339,-111.8897684,2.5,5,1
hNLgrdd0QC3qLbD4tOHHVQ,Toyama,Scottsdale,AZ,85255,33.699076,-111.923581,4,126,1
HnpV9DkAV3dF88XgalLFbQ,Pho Viet Nam #2,Mesa,AZ,85205,33.43452755,-111.7196086,4,114,1
HOSwTtEprN72AYgeE7agKg,America's Finest Home Inspection,Scottsdale,AZ,85255,33.6803004,-111.8330106,5,5,1
HqVOhNqZxv0XdgrMBPaRCA,Circle K,Tempe,AZ,85283,33.3641539,-111.9107532,3,4,1
hrlE8kBz_CIqXaLuaVNC9w,Cool Expressions Window Tinting,Chandler,AZ,85224,33.3260297,-111.8747445,5,83,1
hTz_6J0_owc2HqyRDk_KPQ,Makeup By Amanda,Phoenix,AZ,85018,33.4962205,-111.9641728,4.5,7,1
hU-I172AdpBahJqP-GTSbA,Lifeboat Coffee,Phoenix,AZ,85020,33.56819183,-112.0657732,4,26,1
HUikGcHIiwe-QptJnAJiLg,A1 Advantage Garage Doors Repair & Service,Scottsdale,AZ,85250,33.48185394,-111.9177246,3.5,9,0
HumV0E5AE0MmyusDpd0b7w,Ramiro's Mexican Food,Glendale,AZ,85308,33.63888,-112.1543441,2.5,44,1
HuutA6bPRMujv5FJDWK4zQ,Zero Issue Brewing,Calgary,AB,T2E 6K9,51.0893382,-114.0316046,4.5,6,1
HwDU5q6Q5Wm2iF5p7Xx-Og,What A Sub,Phoenix,AZ,85009,33.4655499,-112.1140526,4,22,1
hWsG4A-7x0i8wRBBtNBYeQ,Mike's Kitchen,Surprise,AZ,85374,33.6410254,-112.3583862,4,55,0
hxOw5WN91OfndUWSG6LQ-w,Noel's,Scottsdale,AZ,85254,33.5835415,-111.927529,3.5,6,0
hY1B4he7dd7V9grY2cBSwA,Oso Medical,Goodyear,AZ,85338,33.4502428,-112.3599344,3,3,1
i2Mwe5yfX4Qtq_Th1fRYYA,Love Carpet Care & Repair,Phoenix,AZ,85020,33.43487949,-112.0190048,4.5,7,1
i34NvkzL8sH0zmpa4DN1tw,Rim 2 Rim Benefits,Scottsdale,AZ,85254,33.6251792,-111.9404813,3.5,3,1
I5qhE5THrGIkG_DXdh43eA,Diva Nails & Spa,Goodyear,AZ,85338,33.4502428,-112.3599344,3.5,43,1
i7qF0eFoe35Cedn_seUm1w,Picazzo's Organic Italian Kitchen,Surprise,AZ,85374,33.639888,-112.3040101,3.5,28,0
iA6IwYzo6qDmY7dZfXdzyg,"Wyatt Brad, DMD",Glendale,AZ,85302,33.56780632,-112.1826625,5,5,0
iAc4PjkTLi28DidS8OAqiw,Allied Clinic,Phoenix,AZ,85018,33.5061918,-111.9870472,3,20,1
iBZcbvdM1vp_xiuxJVqkNw,Streets of New York,Glendale,AZ,85306,33.6107472,-112.1849674,2,47,0
iEuDhzSXZv_gJwP4eFvygw,Mike's Complete Auto Service,Gilbert,AZ,85234,33.3686338,-111.788994,4,10,1
igcy3ojJbgbpS8K70gvFQg,Direct Mindpower,Gilbert,AZ,85234,33.3702018,-111.7894471,5,25,1
IKSic5Zj-MYzh6prEqb1xQ,Continental Golf Course,Scottsdale,AZ,85251,33.4876063,-111.9111779,3,40,1
ilQPQU9Jbv6HMUj2KgnDTQ,Wrangler Trailers,Mesa,AZ,85210,33.394504,-111.8297967,5,3,1
ilTLDQolccbTzeTgaEI3XQ,Fit Happy Girl,Scottsdale,AZ,85251,33.4819461,-111.909733,5,4,1
iMthGBEZe0DJPZutdnAU5g,"Allan K Bernstein, DDS",Tempe,AZ,85282,33.393789,-111.899318,4,3,1
in3zjiaLpNzr9G3K35gAJQ,Vincent Market Bistro,Phoenix,AZ,85018,33.5102829,-111.9962639,4.5,190,1
IqSncbr7Z1D-tWR_uyQZRQ,K & T Plumbing,Phoenix,AZ,85009,33.4779587,-112.1068103,5,4,1
isWvvUB5uGLvc2WYPHx2pg,Enterprise Rent-A-Car,Gilbert,AZ,85297,33.2860819,-111.7621672,3,9,0
IuSaV-O4NykDgVSxfQ03zg,Biltmore on the Lake Apartments,Phoenix,AZ,85029,33.5878069,-112.1179529,2,31,1
IvJJy7drOJe3JYvnkiAglg,Baileys Blind Repair,Mesa,AZ,85202,33.37806438,-111.872131,5,5,1
iVV6E4YFm_Y7bMudao_xXA,Fry's Gas,Scottsdale,AZ,85258,33.5704163,-111.8876232,3,7,1
iw_HSv0Lbn9pxGwWvsimXg,Master's Touch Landscaping,Phoenix,AZ,,33.4483771,-112.0740373,3.5,3,1
iWHYCj8v-mKT97Qexc1urg,Matturro's Service & Repair,Mesa,AZ,85204,33.3936671,-111.8126704,5,4,1
IWoDZzFQQkjH_JNS81050Q,Neiman Marcus Last Call,Tempe,AZ,85282,33.38069209,-111.9643499,3,17,0
IWOQNyRqWrnqQA5K49eK5g,Hot N Juicy Crawfish,Tempe,AZ,85281,33.42300303,-111.9406556,3.5,428,1
IWXMR9PsHZgFyrcrc2RYRg,Promontory Pointe Apartments,Phoenix,AZ,85020,33.5852142,-112.0625926,2,19,1
iXV2kGGyXJlKM8JKek-HNg,Centrico,Phoenix,AZ,85004,33.45040691,-112.0739261,4.5,113,1
IyGHH3Xx26Nq9KCrvm7cUw,Guaranteed Dental Solutions,Phoenix,AZ,85044,33.321142,-111.98638,5,15,1
IYp4NwdMKA2OWhxofllXSA,Deer Valley PC,Glendale,AZ,85310,33.7071827,-112.1493787,5,3,1
IyrUhIjkotXc-j_1n0_hpw,Equity Residential Properties,Scottsdale,AZ,85251,33.5015719,-111.9312895,2,4,1
IZUDXIq5SULhQ5RGLCdB7g,Mr Mesquite Taqueria,Phoenix,AZ,85054,33.658213,-111.931857,4,213,1
J_2JPiD1fK8V853AFOvV8g,Holy Yoga,Phoenix,AZ,85020,33.538862,-112.0752109,5,3,0
j_eOrXZs76VrBqtiaI6EjQ,The Better Butcher,Calgary,AB,T2H 1M8,50.978602,-114.06134,4,19,1
J4aiMaaXWXqL8ypKY7PSYA,Quiznos,Chandler,AZ,85224,33.2985655,-111.8775871,3,24,0
J5Jn3N9qga3sJ4_eC_x8dw,Nekter Juice Bar,Peoria,AZ,85383,33.7096133,-112.272929,4.5,29,1
J7ooftki8V4Aq_N5Dm5mHg,Tovrea Castle at Carraro Heights,Phoenix,AZ,85008,33.4504347,-111.9733086,4,19,1
JAEGnGjqphWGoyuCN-hNQQ,Holy Spirits,Scottsdale,AZ,85251,33.4998,-111.923509,4.5,66,0
jaI2y3WsNXysaf43KnJJJQ,Premier Fitness Systems,Scottsdale,AZ,85255,33.6865302,-111.923993,5,18,1
jAXikV2ByOxHLRstTE8ltg,Subway,Scottsdale,AZ,85259,33.587535,-111.836762,3,13,1
JBZzE2ZJe7l0iEwQLjCJzw,Dunkin' Donuts,Tempe,AZ,85282,33.4079719,-111.9104912,3,46,1
Jc2X0JqdBupkOzTPZtbcWA,Cheeburger Cheeburger,Tempe,AZ,85281,33.4329724,-111.9043028,3.5,40,0
JDIbJyTbvmUqCDRHjGcGIQ,IHOP,Phoenix,AZ,85043,33.46175,-112.16962,2.5,47,1
jEbtw8a5azmuJCT-8iC__Q,Le Tailor,Chandler,AZ,85224,33.339969,-111.860028,4.5,3,1
jEt8ed_Z2cJaBNpLG1sfsw,Hertz Rent A Car,Ahwatukee,AZ,85044,33.3479101,-111.9780976,2,29,0
JFFsRHoV0QIFawhg3Nn0ag,Fry's Pharmacy,Phoenix,AZ,85085,33.78525975,-112.1203671,4,4,1
Jhsgg9RSmI8vm5bXKJtDDA,AAMCO Transmissions & Total Car Care,Glendale,AZ,85301,33.539569,-112.168378,4.5,22,1
ji_AzchwqYGs8v0ahNk-dw,It's a Grind,Peoria,AZ,85381,33.610449,-112.239434,3,8,0
jiGzqUIhAiitZvC8bXds4Q,Ice Tango,Scottsdale,AZ,85250,33.5250892,-111.9253313,4.5,17,0
jJ4ocxVa5yyr--e8q6x0oA,Xavier Coins Currency,Mesa,AZ,85205,33.415741,-111.685704,3,8,1
jJDnxINrCKstFyeH3F8Cfw,Earnhardt Chrysler Jeep Dodge,Gilbert,AZ,85233,33.373513,-111.840704,2,30,0
JjYtyoEYnNw7mpXevHE_Ww,Gas Light Inn,Glendale,AZ,85301,33.5384602,-112.1833889,4,48,0
JkqPga7QRgioWkWMD6gTCQ,Sky Harbor International Airport Dog Parks,Phoenix,AZ,85073,33.4354656,-112.0071714,4,7,1
jMI1UHoA1AcInT0AKmcz3g,Dobson Warner Dentistry,Chandler,AZ,85224,33.333858,-111.877772,4,23,1
jp6RbMRWz126B8wWC4BJdw,Baker Bros Area Rugs and Flooring,Surprise,AZ,85374,33.6383013,-112.3287412,2,5,1
JqSdd1Jj6UDjgPtYSPdsVQ,Jersey Mike's Subs,Phoenix,AZ,85048,33.3043897,-111.983502,3.5,54,1
JTCee669yqz2T5l1-z_HoA,The Lash & Face Place,Glendale,AZ,85308,33.6389582,-112.1914859,5,5,1
juFdbC8ihaQUturmM9rryA,Xocolat,Calgary,AB,T2R 0E3,51.0429489,-114.0798473,4,13,0
Jv20j88XllCv1brAnImfSg,Noodles Sushiya,Fort McDowell,AZ,85264,33.5822724,-111.680414,3.5,9,1
JvQvNWAZhNyV9KuV8QIoDA,Van Marcke Trade Supply,Peoria,AZ,85345,33.5921191,-112.2555864,3,4,1
J-WeapG6WXU4kxNS2dWuUA,The Clutter House,Phoenix,AZ,85013,33.509647,-112.074775,4,8,0
JWqc2Nost9wDFrbBhnCUAw,Freddy's Frozen Custard & Steakburger,Glendale,AZ,85308,33.63861645,-112.2241311,3.5,62,1
jwylJNYFYjn3Vnu-Fx26pA,A Pizza Plus,Calgary,AB,T3C 2G6,51.0486739,-114.1537978,4,21,1
j-WyPKVDSn4WGX1YE5oy6A,Organic Birthing,Tempe,AZ,85281,33.4124728,-111.9413408,5,29,1
jx4QLSvn0kdLXHN1p5V0Kw,Fabutan Sun Tan Studios,Calgary,AB,T2R 0Y4,51.03840622,-114.0712203,3.5,3,1
JXJngm4cFJu1Rk5Gz8jOeQ,Bank of America,Phoenix,AZ,85043,33.4234771,-112.2392866,1.5,10,1
jxl1GXU0MI6DJSbh9907sg,Jewel of the Crown,Scottsdale,AZ,85251,33.4922108,-111.9231385,4,144,1
jziygH9dSPMZNFwWz-TkTg,Pizza Bank,Calgary,AB,T2V 5A8,50.97343795,-114.0991141,3.5,8,1
JzJdKfnewjNvhbcMa2y-EQ,T&T Honda,Calgary,AB,T2A 2N8,51.05982,-113.999554,2.5,14,1
jzjuLsK36Cbw8j0yvCheEw,West Valley Pediatric Dentistry & Orthodontics,Peoria,AZ,85382,33.6830919,-112.2369447,5,18,1
JzrPxY9u_5uhriteu-zaVw,Lashes del Sol,Phoenix,AZ,85044,33.3066671,-111.9799302,4.5,10,1
K_ngcfNoxGFIG1bnqQdMWw,Noh,Scottsdale,AZ,85258,33.5666604,-111.9185781,4,21,1
K1o4HFCKy4IPcXNA6E5vpw,Men's Wearhouse,Tempe,AZ,85281,33.4318353,-111.9026881,4,47,1
K1tLIHP5DLZG5NYIt83iYA,Debra & Ken Cuellar - United Real Estate Success,Scottsdale,AZ,85255,33.6990976,-111.9197849,5,3,1
k45pZZp9mqkqkvZ3cEtorQ,Tropica Mango Rare and Exotic Tropical Fruit Tree Nursery,Apache Junction,AZ,85120,33.4155969,-111.6038094,5,14,1
K4LhdoEPzTdN-xghwG-HmQ,Chicken Noodle House,Mesa,AZ,85202,33.4133505,-111.8759922,3,8,0
K6IspO283nIH6Am9iQROXQ,ANW Automotive,Peoria,AZ,85345,33.5909277,-112.2565277,5,5,1
k74MhngKzCICV3nOnxwE1Q,Frogstar Faux Finishing,Phoenix,AZ,85032,33.621215,-112.027872,5,4,1
k90yE_IQ4gjcZFNK5t18Qw,Subway,Phoenix,AZ,85022,33.5971784,-112.0380891,2,13,1
kA16kUvlhuZNY0QofQoV6A,Teavana,Scottsdale,AZ,85260,33.6240438,-111.928011,2.5,32,0
KBZPsqbEFZW4VtGwNjxUOg,Golden Spoon Frozen Yogurt,Chandler,AZ,85225,33.322668,-111.822674,4.5,5,0
Kdavu-0oKCToNY_zpw5gDQ,Gordo's Pizza,Calgary,AB,T2E 2Z6,51.0954467,-114.0625157,3.5,7,0
kDkHOrLyYfzvIeus7GMr-g,La Reyna Del Hot Dog,Glendale,AZ,85302,33.56685742,-112.1873553,4,6,0
Kf4srX3Jgk-2LE9LKYhwhQ,QuikTrip,Goodyear,AZ,85338,33.452493,-112.341632,4,24,1
KfcyGTb6JlXLlC1ui452Hw,School of Rock Scottsdale,Scottsdale,AZ,85254,33.610476,-111.927022,5,16,1
KgahwRLqzCcpfoFhppfYuw,Starbucks,Mesa,AZ,85206,33.395021,-111.752017,4,6,1
kGEHc2-cdu_2LhsWspRJqQ,Piccolis - Natural Pet Food & Supplies,Phoenix,AZ,85032,33.61148567,-111.9985682,5,6,1
kHoDIEQk2zdgU25Z9Nzv6A,Riverwalk Apartments,Phoenix,AZ,85008,33.4503081,-111.9658669,3,5,0
KhxtCnJa4XgWlGdvi2cXsA,PZA Parlour,Calgary,AB,T2J 0P6,50.96718985,-114.0725518,4,42,1
kIMb6nWJ3Yt9GzzSk2w-BA,East Valley Computer Repair,Chandler,AZ,85225,33.3044902,-111.8745116,1,3,1
kJpCz8KhapJw7asCJL_wUA,Poke Bar,Chandler,AZ,85224,33.3185635,-111.892119,4.5,30,1
KkBVK02iqsPJTEotHhWo1g,Humptys Family Restaurants,Calgary,AB,T2A 4T8,51.0636681,-113.9585265,2.5,3,1
KKlKPqsL_EzySjEaDJjWIA,First United Methodist Church of Phoenix,Phoenix,AZ,85012,33.5168773,-112.0745574,4.5,3,1
klvaNyM59XnHk-qeb68NKw,Mr. Handyman of Deer Valley/Anthem/Carefree,Phoenix,AZ,85053,33.6289952,-112.1370601,4,7,0
KMAC_44vOPCVH-E_doOisQ,Mambo's Dominican Kitchen,Chandler,AZ,85225,33.3345013,-111.842792,4,132,1
kMeK3fFQve7UwzySsgqS5Q,LabCorp - Mesa,Mesa,AZ,85201,33.4360144,-111.8430249,2,30,1
kmZxhC2JY6zYXD7GGh1cfQ,Southwest Remarketing,Scottsdale,AZ,85260,33.6149063,-111.9238592,1,9,1
kNFNqi5z4cfPThEirX-uVA,My Mane Girl Studios,Chandler,AZ,85226,33.3193191,-111.8978004,4.5,8,1
knn5d_jv4Mk_KPwsdarf4A,Associated Retina Consultants,Mesa,AZ,85210,33.3798061,-111.8593272,2.5,3,1
kpgVjsX-48qcB-G9QAqwoQ,Gilbert Chamber of Commerce,Gilbert,AZ,85234,33.3520712,-111.7892926,5,6,1
KQFAMq0g0Rcn6Q5LqMT2sA,Childtime of Phoenix,Phoenix,AZ,85020,33.538749,-112.0556628,2,7,1
KQtMhSzLs2ZYnXePAlkDQQ,Great China,Scottsdale,AZ,85254,33.5978405,-111.9781111,3.5,5,0
KrH5B4osA4K5MfFGhT03FQ,Sapphire Sky,Scottsdale,AZ,,33.4941704,-111.9260519,5,3,1
KsMKJZfk8AzP12xkzii4_g,Bueno Used Cars,Phoenix,AZ,85006,33.450955,-112.0544901,3,7,1
kt6VgPKbR-1GDFj6PhUgRQ,Glenmore Landing Vision Center,Calgary,AB,T2V 5A8,50.9739354,-114.0972927,4,8,1
KuDXes-d2Vw9HW5qnIzZ_A,A Mug You Can Trust,Gilbert,AZ,85296,33.33511806,-111.7896295,5,3,1
kvrFQxSjj4rMIm4NrKUxvA,Phoenix Hand Surgery,Peoria,AZ,85381,33.6108996,-112.230438,1.5,5,1
-KxJSU9nTJ-Mlx-C44NUCQ,Keller Williams Realty East Valley,Tempe,AZ,85284,33.3344657,-111.8984616,1.5,6,1
KyZkW3PYaeoq5jNgPVlTrg,Time For You,Phoenix,AZ,85021,33.5714762,-112.0818758,5,6,1
L1GOFfoQXZvhsJSPp21sfQ,Croft Mechanical,Glendale,AZ,85301,33.5193725,-112.1688723,5,15,1
l2Gfm3CA20iCBCBt_GNdDA,Jimmy's of Chicago,Gilbert,AZ,85296,33.29326124,-111.7890336,3.5,94,0
l-2xwlocbVNu7S6NByVMMg,Eastern Treasures,Calgary,AB,T1Y,51.08113559,-113.9934618,2,22,1
l4kp8GjWspD69sQsjTY9hw,Mane Attraction Salon,Phoenix,AZ,85016,33.5101512,-112.0137629,4.5,65,1
L4NsesHG2QYNyYJN-MPbMg,Squeaky Clean Car Wash,Phoenix,AZ,85053,33.6403449,-112.1203677,3,71,1
L6yOJJShAGrlKk6WFd4E1A,Pampered Pups Mobile Spa,Scottsdale,AZ,85254,33.64095996,-111.9653901,5,30,1
lah6Y4-l2tsSn_RmQAtJFg,Wendy's Restaurant,Surprise,AZ,85374,33.63822463,-112.4215342,4,5,1
lc5YsOqM94hBvK1bYYAMJw,The Bullet Cappuccino Bar,Calgary,AB,T2K 3K2,51.08254,-114.092944,4,8,0
lcGct6d9sxj7OTJ3Ze_a7A,North Scottsdale Women's Care,Scottsdale,AZ,85255,33.671435,-111.90986,5,8,1
LCMe-T5QyBQPbcuhCNRrig,Beltmann Relocation Group,Phoenix,AZ,85009,33.447628,-112.1422833,4,26,1
LdgSOZUGJdXOgOLiezw1Qg,Alterations By L,Chandler,AZ,85226,33.30549,-111.8952739,3.5,9,1
LEWWOa9E-98t4arAxzA8EA,Taco Bell,Phoenix,AZ,85016,33.480517,-112.014914,2.5,5,1
LfHUUOyJXWzUbyDrYfHHkw,Panera Bread,Phoenix,AZ,85085,33.71455861,-112.1107135,3,131,1
L-GUZ7BTcAmhDGi5Dd00KQ,Auto Tint,Phoenix,AZ,85023,33.6404355,-112.0969831,4.5,24,1
lhswYhaNP_78zPu2M9MjHw,IC Wheels,Peoria,AZ,85345,33.5673405,-112.2194861,4,7,1
liu30Bxat_ckX1R5Q4jtyQ,Vinyl Rush Cafe,Mesa,AZ,85201,33.41644,-111.834415,4.5,8,0
Lm_inS2mfQPBLcFXBQiw5A,Brian Eastwood - HomeSmart,Phoenix,AZ,85018,33.5096864,-112.0097504,5,6,1
lmfgaDVLUeLV5bVXadrlBA,Diamond Jim's,Sun City,AZ,85351,33.637239,-112.275823,3,6,1
LmjBZpQU7nJTIJZYRVO7Kg,The Counter,Phoenix,AZ,85004,33.4491058,-112.0740684,3.5,302,1
lP8bbMiLmILCPOHpJFyWeA,Barbecue Doctor,Carefree,AZ,85377,33.8232982,-111.9149875,4.5,32,1
Lp9p3CanKJdqRekIwRNJ7Q,Inde Fusion,Scottsdale,AZ,85258,33.5651494,-111.9152929,4,30,0
lPJ4zGE8EEGZcvZDxgtipg,Blandford Homes,Gilbert,AZ,85234,33.3781042,-111.7604646,3.5,7,1
lqpb5BLZ1_q4dl7710b1-Q,L A Wholesale Shoes,Phoenix,AZ,85016,33.50887419,-112.047742,3,6,0
LRgyVNCFUrchSaXKzfse3w,Sunchain Tanning,Tempe,AZ,85284,33.335749,-111.909068,4,33,1
ltGv25YD_1x5eLG35wSCaw,Bounce Jungle,Chandler,AZ,85286,33.2803435,-111.8024176,3,4,0
LuYiqAw3twrVr0QppxN77Q,Best Auto Wrecking,Phoenix,AZ,85041,33.4070933,-112.1291338,1,3,1
LV63vo4iBHIo7gjiz-Oqgg,Pozoleria Mexican Food,Phoenix,AZ,85008,33.4508835,-112.0210424,4.5,47,1
LVFEk5baz5NdHk1NNJ364Q,Bryan Gunter - Revelation Real Estate,Chandler,AZ,85248,33.24618134,-111.8427387,5,4,1
lvfvK1bPmRl4g7-CrybrWQ,DELIA'S Cleaners,Scottsdale,AZ,85260,33.639052,-111.8646256,3.5,11,1
lX-uZnaMkmIOxNJHJI3Z_A,Alcoa Landscape Specialists,Gilbert,AZ,85297,33.2774819,-111.7316557,1,4,1
LZfiIseoYmmtvkNu8to4Ww,Chianti Cafe & Restaurant,Calgary,AB,T1Y 6J1,51.08095598,-113.994164,3.5,49,1
m06teU5IUF_i28QkoOwP3Q,Desert Sky Family Dental,Phoenix,AZ,85033,33.4816262,-112.2217582,1,4,1
m2qv-mG--aQ-bh7iNl1vgg,Swept Away,Phoenix,AZ,,33.4483771,-112.0740373,1,5,1
M4szUD5YDbHW0TxBVzVw6Q,Enlighten Studio,Scottsdale,AZ,85251,33.5007055,-111.92584,5,22,1
M4tep1A7Eq168jGHVK0gEw,Desert Oasis Floral,Goodyear,AZ,85338,33.450284,-112.3437892,2.5,22,1
m6GdDZrrbj8224RYMCTqLA,North Central Family Dentistry,Phoenix,AZ,85012,33.51395529,-112.0733628,5,10,1
m7m5o89AWYqEsmzMzvdRMQ,Ross Dress for Less,Avondale,AZ,85392,33.465763,-112.279267,2.5,10,1
m7WMc7YSxIEpvOPkFkMqCw,Kmart,Phoenix,AZ,85051,33.554204,-112.114547,2,21,0
M8opVyzRVlfakUC8-b5D-w,Starbucks,Surprise Crossing,AZ,85379,33.6103037,-112.3573494,3.5,8,1
maKE97_gbl_ATEXHCgam-w,CrossFit Rave,Avondale,AZ,85323,33.4536643,-112.3045316,5,10,1
mBFGYVLh588BrvfmGsOhrA,Dragon Flame Chinese Grill,Tempe,AZ,85281,33.4165712,-111.9255048,4,75,1
MbGUIsOkVeKrwH3_RcGqng,Air Tech Plus,Phoenix,AZ,85037,33.5081375,-112.2593121,1,5,1
Mc3WiahiK-OoPhWD2FnIdQ,Thomasville of Tempe,Tempe,AZ,85284,33.3205041,-111.9620302,2.5,8,1
Me903TmRgwOdiC05DILyyg,T & T Supermarket,Calgary,AB,T2A 6K5,51.0603948,-113.9848303,3.5,26,0
mEhyYo1Vn-7cyOZ6G4W5OQ,Ahwatukee CrossFit,Phoenix,AZ,85044,33.321148,-111.9863443,4,10,1
MFSMyg47EERp8fFYNSwruw,American Precious Metals,Phoenix,AZ,85028,33.593747,-111.9783786,5,4,1
Mi5uhdFB9OJteXPd0_IKfw,Carrabba's Italian Grill,Glendale,AZ,85308,33.63930052,-112.1808934,3.5,177,1
MLwEqYIQtbwHAZwgKTtP1w,"Josh Olson, MD",Gilbert,AZ,85295,33.3080061,-111.758159,5,17,1
MMh9G9Mg9iLEeUzmg7Lyqw,Burrito Barn,Goodyear,AZ,85395,33.499165,-112.4274,4,26,1
MmQsPiVSN08WtmlsC_ZSVA,Brushfire Tacos Y Tapas,Peoria,AZ,85381,33.609337,-112.2399153,3.5,299,1
mo87Id6NksLOKejkVJVseA,The Napoleon,Scottsdale,AZ,85251,33.4994492,-111.9278649,4.5,5,0
mqAIwd3U9I32qwOq3o_Fmw,Aqua Zona Water and More,Glendale,AZ,85301,33.5518127,-112.1694314,2.5,6,1
mqirAfowyCmQ_4y2DzpVWA,Desert Storage,Scottsdale,AZ,85255,33.6904424,-111.9238836,4.5,7,0
mrdTAprSAzlvNXvYSLHYTA,CASH 1 Loans,Tempe,AZ,85282,33.3917426,-111.9617466,3.5,7,1
mS_Vorll2cVmux4ZNk7Apw,"North Valley Eye Care, PC",Phoenix,AZ,85085,33.797942,-112.114679,5,34,1
mv1TuCm2LWZE7P_UO-rT2A,PSA Art Awakenings,Phoenix,AZ,85004,33.4592,-112.0716232,5,3,1
MWfVSlO_SzJYnPEAUd4iEw,Comfort Inn I-10 West at 51st Ave,Phoenix,AZ,85043,33.461355,-112.171521,2.5,37,1
MXa5DozQxzhYqOaoU1n14Q,Kid to Kid Chandler,Chandler,AZ,85286,33.265359,-111.857183,4,46,1
n_ioDO_hT8c6hF1KTUp4ZA,Service King Collision Repair of Scottsdale,Scottsdale,AZ,85260,33.61964261,-111.9046799,4.5,39,1
n3kdM9h0ZWws-A3EtmfHnw,Sirrine Studio,Gilbert,AZ,85296,33.3229967,-111.7196942,5,3,1
n3SEM83Z_WtpnTy51G8G4Q,The Law Offices Of Michael Souccar LLC,Phoenix,AZ,85004,33.4799742,-112.0745109,3.5,3,1
nao-DQVFd90DA37rq6HO2g,Stellar Home Services,Goodyear,AZ,85395,33.4754919,-112.3924311,4.5,51,1
nB_hVoZLt-q3N_wVCJXbDQ,OrthoArizona,Chandler,AZ,85224,33.33445026,-111.8913026,3,5,0
n-CRFzDd2doYV7mBY7hlwQ,Let's Help Movers,Laveen,AZ,85339,33.3628227,-112.169317,5,27,1
ncTUmWwjp87nSlDvrLmEcw,Anytime Fitness,Gilbert,AZ,85297,33.2675305,-111.6875454,4,4,1
nD_06cH9Djagl-WCfaDidA,Innate Healthcare,Phoenix,AZ,85018,33.4954835,-111.9768882,5,4,1
nD7JKvHL4U4xJZEPIRva7w,Valley Metro Rail,Tempe,AZ,85281,33.4366655,-111.9403254,3,18,1
NeLY9q_ZIDXSm3VEZH_sZw,Sleep Country,Calgary,AB,T3K 5A5,51.15463605,-114.059375,3.5,3,1
NFHlMOEyVsbqY_VQNJFafQ,Pizza A Metro,Gilbert,AZ,85296,33.3353688,-111.7389268,3.5,228,0
nGzCuyD4rdGIKhR_-48v1w,MJD Group with Diverse Solutions Realty,Chandler,AZ,85286,33.2575672,-111.793645,5,4,1
ni28PqV-qxV_Sl2_vpWTTg,Vans Outlet,Tempe,AZ,85282,33.3832233,-111.9643825,4.5,3,1
nIHSRQcj2cTJLsr80ZsbNw,The Silk Road Spice Merchant,Calgary,AB,T2H 1C3,50.9856784,-114.0519106,4.5,3,1
NKJIOH0qrXZd2_DVVQP5Lg,Foothills Recreation & Aquatics Center,Glendale,AZ,85308,33.65494673,-112.1782741,4,22,1
Nkp_VPfudWjnW7vSwnI1ow,Best Western Plus Scottsdale Thunderbird Suites,Scottsdale,AZ,85260,33.62168632,-111.9176517,3.5,47,1
nL1FdcNZ6liuQ1odNNWVNQ,Top Shelf  Mexican Restaurant,Mesa,AZ,85202,33.3931452,-111.8744982,3,34,0
nNglFxiRvNQGtyC7nUSEWw,Cholla Cove Park,Phoenix,AZ,85028,33.5911255,-111.9911697,4.5,3,1
Nnvg4hOQ_U9F_WAAteAdzQ,Russo Salon & Spa,Fountain Hills,AZ,85268,33.6066542,-111.7202896,4.5,20,1
No5AZnK4YUZ6_aspRa-r8w,PHX Eats Cafe,Phoenix,AZ,85008,33.4495293,-111.9911107,3.5,25,1
nOqqYZ08pgcfLxjpxiZu9Q,Los Rubios Mexican Food,Gilbert,AZ,85295,33.30528169,-111.7205393,3,53,0
NOtdhHE4oTaODsJgW8GXPA,My Sister's Closet,Scottsdale,AZ,85255,33.6967725,-111.8904395,3,37,1
NPy9J-ae8RG4BVDzVtlZhg,Metropolitan Arts Institute,Phoenix,AZ,85004,33.4514383,-112.0653489,5,3,1
NPZkzFQZz4UhxjJRT7SbbQ,Chase Bank,Scottsdale,AZ,85259,33.588206,-111.836672,2,6,1
NqGtKSw1EnnQ2pbCN9VrfQ,Quality Inn,Mesa,AZ,85206,33.392346,-111.693275,2,3,0
nSK7_PB_oXyGrnZILI5JSg,Above & Beyond Pool Remodeling,Gilbert,AZ,85296,33.3203677,-111.7756627,4,18,1
nUd_3pDSwD9fzrQgTa7oWg,Dunn Orthodontics,Litchfield Park,AZ,85340,33.511433,-112.341224,5,15,1
N-ujj4Xsq7Qg9A1fDGkUmA,Luxe Appeal Studios,Phoenix,AZ,85013,33.4953496,-112.0823865,4,28,1
Nv7EzV0NyPfpeSprCDl6Nw,Ultra Car Detailing,Mesa,AZ,85212,33.2834173,-111.6620722,5,3,1
NVaM_cKKJT3WWyP21PANzw,City of Mesa Cemetary,Mesa,AZ,85201,33.438755,-111.832382,4.5,3,1
nvYqrE7SsJ3cp904lVCl-g,Broadstone Ahwatukee Fairways,Phoenix,AZ,85044,33.3263606,-111.9809121,2,5,0
NxXRktvTgrkpRbTl3PoH2Q,AAA Affordable Polygraph,Scottsdale,AZ,85258,33.5669912,-111.8985922,3.5,18,1
nYyp-jcNNTmh5tvQmFLYwQ,Youfit Health Clubs,Phoenix,AZ,85017,33.52641942,-112.1308208,2.5,11,1
O_RIIWYOGIxLRl0mpe5DWg,Foxtail Salon,Tempe,AZ,85281,33.4240956,-111.9419782,5,48,1
O0vuQtEgx1nvl2PLiTBE0g,Jessica The Hairstylist,Tempe,AZ,85283,33.36102879,-111.9103763,5,10,1
o3A4_O0eVeRippmhjv5nkg,Leasures Designer Portraits,Chandler,AZ,85224,33.315,-111.860131,4,13,1
O9SiaLm_Ql0FKvVa2Ua5xA,DICK'S Sporting Goods,Tempe,AZ,85284,33.336742,-111.9709474,3,50,1
OA5D9SMnku0QAq5hFLytng,Jimmy John's,Mesa,AZ,85215,33.45129601,-111.7352189,3,27,1
odjlXPSimSwZex3q-IJpeQ,Port of Subs,Mesa,AZ,85206,33.40913088,-111.6851623,3.5,12,1
odwDM5iEnNtTtvOqzJjaLw,Interior Sewing by Kim,Phoenix,AZ,85021,33.54316407,-112.1036487,5,3,1
oE5IfBLymZ0I3p-SfjiqoA,McDonald's,Glendale,AZ,85301,33.55111445,-112.1798837,2,4,1
ogmJIRUjXEpI_PUIZbXxEg,Fresh & Easy Neighborhood Market,Mesa,AZ,85205,33.4373019,-111.7029668,4,5,0
ohYgabP6PqkNsF0vnZUxeg,Janey's Coffee Co. & Bodega,Cave Creek,AZ,85331,33.8333764,-111.9387651,4.5,158,1
oi4JvKe6nQDrbTpF31i-Fg,Compass Bank,Peoria,AZ,85345,33.5652133,-112.2883007,2,4,0
OI-iSjmiPVjdy149Kswxmg,Judy Wear Boutique,Chandler,AZ,85249,33.2204106,-111.8249526,5,3,1
oj3eDWvXP8uhNyBMs_fEuA,Chase Bank,Glendale,AZ,85305,33.55233,-112.253461,1.5,3,1
oJT0qpdTRtZObEoB5EWEvA,AtticSalt,Scottsdale,AZ,85251,33.493312,-111.923405,5,7,1
ok6GczbsUs-WGFepMgiRsg,North Scottsdale Pawn Shop,Scottsdale,AZ,85254,33.584742,-111.9264222,4.5,7,1
okhEH9eK8qL5hmsISqlDEQ,It's A Luxury Lifestyle,Tempe,AZ,85281,33.42188293,-111.9399978,5,6,1
oNf6MkIn1RTPmCBVACPA_w,Starbucks,Calgary,AB,T2R 1N8,51.0405525,-114.0659916,3,4,1
opFR3v0C-TjtSHlgczwQIQ,Cavalier Men's Hairstyling & Barber Shop,Calgary,AB,T2L 0E6,51.0931445,-114.1284688,5,4,1
opoAVgm8b6xw9-w9VlwfTg,SimonMed Imaging - Phoenix,Phoenix,AZ,85004,33.4772965,-112.0698999,2.5,59,1
oqJEgqp2TkjybV_i1iOpFw,Below Deck,Calgary,AB,T2P 7N2,51.04553566,-114.0670323,3.5,20,0
Os6026hwAulqp2m-t2eX2g,Tempe Preparatory Academy,Tempe,AZ,85282,33.3926709,-111.9183876,4.5,3,1
oW8d40D4y7bISFDHKcVYzg,Vetmed,Phoenix,AZ,85024,33.6733953,-112.0327652,4,131,1
oWboXKe_xk6Vcr2gBEuxuw,Pasta and Sugo,Phoenix,AZ,85018,33.4810166,-111.9958614,4.5,16,0
OX-hZ2H7XD242njkjDnX3A,Wheels In Motion Auto Sales,Tempe,AZ,85283,33.3545573,-111.9691099,4,13,1
OxwjjHYS44STc4oQ-zs6eg,Agua Fria National Monument,Phoenix,AZ,85027,33.6819141,-112.0808432,2.5,3,1
oXYzmVfQa6B_7e9ePGclng,Sugar Me Wax - Phoenix,Phoenix,AZ,85028,33.5103791,-112.0110028,4.5,81,1
oyDD7xf3mRARb21CWT4pLQ,Cloud Nine Salon and Spa,Chandler,AZ,85248,33.2476989,-111.8654753,5,4,0
oyjBm2unegQrpENW7o-RqQ,Trident Health Center,Peoria,AZ,85382,33.6687923,-112.2814162,3.5,9,1
OYX1AtpG7TxTZOnEGHJxoA,Pleasant Pediatrics,Peoria,AZ,85382,33.6730941,-112.2539431,3.5,25,1
Oz1yKz2ijUnu7VrqNPKELA,Head Penn Racquet Sports,Phoenix,AZ,85043,33.4455424,-112.1573254,5,3,1
p2IV5kAtuFCu9cco3ivrVw,The Hidden Closet,Scottsdale,AZ,85254,33.5829724,-111.930684,3.5,5,1
p3RNsn9s_4i08yH19KbmuQ,Pinnacle Peak Animal Hospital,Scottsdale,AZ,85255,33.6995691,-111.9231263,4,35,1
P5HtZBRfwsOWIVkCrGqGyw,The Coffee Bean & Tea Leaf,Tempe,AZ,85281,33.43371556,-111.9019841,3.5,49,1
p6TeBT1T_VWcdnhRr-Jrlw,Spice It Up,Scottsdale,AZ,85255,33.67858622,-111.832324,3,19,1
P7gVMk7FJwBXgtmzXdjBcw,Chill Out Gelato Cafe,Phoenix,AZ,85073,33.4588994,-112.0662616,3.5,11,0
p87uvDF3GYTXCzyztJEC5w,Skyline Pool & Spas,Mesa,AZ,85204,33.4151843,-111.8314724,4,4,1
p8M3FLuIUwRM9p_Pq6i5zA,Pain Stop Arrowhead,Glendale,AZ,85308,33.6549987,-112.1981928,4,5,1
Pbg-3jIzn6bV_jz-5tBCsQ,Junk Masters,Phoenix,AZ,85031,33.5099395,-112.1756583,5,3,1
PCGiwhIlQKqM0-IiZhNcJQ,Mane Fix by Ashley Myers,Gilbert,AZ,85234,33.3538257,-111.7893323,5,12,1
pE0ktQsw5x0chqsoMSqCUQ,Goodyear Auto Service Center,Glendale,AZ,85308,33.65416663,-112.1352759,2.5,20,1
PemIjb9HjnTr5t6XW2sZ5A,Hair by Kathleen Halaas,Scottsdale,AZ,85254,33.613105,-111.927281,5,6,1
pfl1hEH57QyygqFQHtDZIQ,MEC,Calgary,AB,T2R 0A9,51.0440606,-114.0807919,4.5,57,1
pI0_pCcKVbS9LBmuNUshKA,Cyclewerks,Tempe,AZ,85281,33.4510375,-111.9095524,5,12,0
piCsIEvk-hwDGgM86ownaw,D Frank Designs,Scottsdale,AZ,85251,33.5000499,-111.9247715,5,4,0
pizHeis7nI3ZVSTxE8WzKA,Papworth Heating & Air,Scottsdale,AZ,85262,33.791108,-111.8091625,2.5,27,1
pJxSIa_AYRLlRVcedPQKSg,Grandview Car Wash & Auto Detail,Glendale,AZ,85301,33.5121452,-112.1858221,2.5,4,1
PK_yJS579FjaNiCkGGa6iA,MAD Greens - Tempe,Tempe,AZ,85281,33.433481,-111.901629,4,149,1
PL1D_NjKMivCEtvrfinVCQ,Element Pool Services and More,Chandler,AZ,85286,33.27470231,-111.8602008,3.5,9,1
pl3SmIFo8zdIY2YbLHxb9A,Desert View Dental,Phoenix,AZ,85022,33.6079482,-112.0632397,5,10,1
pmyHFrPvE2sPsbPFd4ckyQ,"Begam Marks & Traulsen, P.A.",Phoenix,AZ,85028,33.5873951,-111.9756306,5,5,1
PNTyiqS7R-0c1ofxOfDijQ,Cafe Monarch,Scottsdale,AZ,85251,33.494225,-111.931461,4.5,687,1
PO8N9cmuayaDDWuR0S_1ug,Uptight Carpet & Decorating Center,Avondale,AZ,85323,33.462511,-112.3403664,4.5,35,1
PoeKnlvSAUldrMfyfNaumA,Ben Franklin Press,Tempe,AZ,85281,33.42016,-111.9722771,5,3,1
pOu6Oc1AHoftXR449Sk9zg,Heavenly Nails and Spa,Chandler,AZ,85226,33.3057347,-111.9016653,3,9,0
pPkrnlTgigh87xq5P3V0kg,Lukes Drug Mart Bridgeland,Calgary,AB,T2E 3R9,51.0532627,-114.0516934,4.5,35,1
PPp4a14p4TdNT7mGSvUOcA,Mountainscapers Landscaping,Phoenix,AZ,85020,33.548451,-112.053734,4,8,1
PQDRN-Zm5pWEbfUBnj8T0w,Sure Guard West,Cave Creek,AZ,85331,33.743375,-111.966654,4.5,11,0
PrlPw4m5JdgyTluToJfVNw,Bernard's Fine Dining,Chandler,AZ,85248,33.2515483,-111.8709717,3.5,17,1
PRORLChxEvwdak0Rau3Mhg,Modern Mama Doula Services,Phoenix,AZ,85032,33.53528936,-112.0025555,5,44,1
PTbQ9tM46QYg6ouEMYOQ7Q,Salon Michele Rene,Glendale,AZ,85308,33.6624675,-112.18689,3.5,3,0
pTJaLLJMQRWEfl4HHMUOUw,Planet Fitness - Mesa Central - AZ,Mesa,AZ,85204,33.40670776,-111.7745361,3.5,49,1
PVM-eMVWQxrGWnWrPO1Odw,American Powersport Rentals,Mesa,AZ,85215,33.4689338,-111.683166,4.5,7,1
PVR6HiHwhQDiifHT5ffmEw,Moon Valley Country Club,Phoenix,AZ,85023,33.6175047,-112.0773377,3.5,22,1
pX4J0qsof9EqttRxNKT2sA,Residence Inn by Marriott Calgary Airport,Calgary,AB,T3J 4V8,51.09692212,-113.9997807,4.5,10,1
PycR_Mr5jA9jB4Xg3nX0Yw,Payless Car Rental,Phoenix,AZ,85034,33.44108045,-112.0258107,1.5,442,1
pySYMPcDJsjQHCiLo8HrHw,Make Me Up Maria,Phoenix,AZ,85040,33.4040693,-112.029752,5,4,1
pzoBiTbnsur1QN4rVFOXLQ,Killum Pest Control Scottsdale,Scottsdale,AZ,85255,33.6316573,-111.851022,5,3,1
pZt5Ti01tigucXb7Od4Obw,Archery Headquarters,Chandler,AZ,85226,33.3048064,-111.951566,4,60,1
q0n882G2DVBD8DMH8NOaVQ,La Calabria Ristorante,Gilbert,AZ,85295,33.30423229,-111.7573054,4,90,1
q-0xEnf7HoWNaEc9sXqZ9g,Taxman CPA,Gilbert,AZ,85298,33.2343405,-111.7231685,3.5,3,1
q1g2AKrd6fTKeylQ1yZwIw,McDonald's,Mesa,AZ,85202,33.39357027,-111.8632803,1.5,23,1
Q3H73G8reF2wPqU4dwoFQw,Barmagic,Tempe,AZ,85283,33.3684114,-111.9343636,5,6,1
Q3pofS3PGd64xoXa-3efiw,Noodle King,Airdrie,AB,T4B 3G2,51.26521158,-114.0045342,2.5,3,1
q7hP3mstkI1YBbFaMym-XA,The Drunk Drivers,Scottsdale,AZ,85251,33.4986286,-111.9224398,3.5,5,0
q8JssWNMAXCFvl6d3G0UxQ,Impact Auto Body,Mesa,AZ,85215,33.4512876,-111.7216092,5,51,1
qAJ8TSNr4Eb6fclx4Noa5A,Monkey Bars of Phoenix,Phoenix,AZ,85050,33.673639,-112.019521,5,10,1
QAMks9baR7rW2ozVxH9kDg,Glass Mogul,Mesa,AZ,85203,33.4156938,-111.7960166,4.5,19,0
qddJLwFmaUeOQ2TqejiVGw,Tiffany's Nail Salon,Phoenix,AZ,85016,33.52288596,-112.0475435,4,54,1
QDJ0UYHK5lDWiniL-ALM-Q,EōS Fitness - Tempe: Warner/McClintock,Tempe,AZ,85284,33.3357209,-111.9099571,3.5,182,1
qDpngVfw7Y8XFhCZjqTZYw,Analog Coffee,Calgary,AB,T2P 3G6,51.0482444,-114.0658692,4.5,10,1
QDUOPv61PRWriAaNQeML1A,LA Fitness,Gilbert,AZ,85296,33.3487842,-111.7541067,3,33,1
QEeoHsd5Co2E7_kTmu0K6g,US Post Office,Litchfield Park,AZ,85340,33.48845162,-112.3489521,3.5,12,1
QGhi0hyrRkuzJGKDqsFqPA,Lavender & Old Lace,Mesa,AZ,85213,33.4474493,-111.7712724,3,11,0
QGiqd6eT9808So5h3UXL4Q,Balzac Diner,Balzac,AB,T4B 2T3,51.1985851,-114.054206,4,4,1
QHQtTHZ1K1yPhjYJ1PMhxA,4 Sons Food Stores,Glendale,AZ,85308,33.6668849,-112.1687565,2.5,8,1
qjPfDOk-fILUIR0t11Obeg,Soul Fighters Scottsdale / Ximenes Brazilian Jiu Jitsu,Scottsdale,AZ,85251,33.4952695,-111.9000346,5,5,1
qk0PSGdiReZo_uD6XpT4oA,The Loop,Calgary,AB,T2N 3R5,51.0525403,-114.1050224,4.5,3,1
QkPXzE1B_QgmXDYflUhPAw,Fitness 4 Home Superstore Chandler,Chandler,AZ,85226,33.3055845,-111.9002766,4,5,0
qkyAZr3nh4XcyPcXcp9geg,Epiphany Lutheran Church,Chandler,AZ,85225,33.3213882,-111.8550886,4,5,1
Ql-i1kYoszb_n9EO9xc-YA,Brewsters Brewing Company & Restaurant,Calgary,AB,T2R 0E5,51.04296046,-114.0810293,3.5,49,1
qmhPfNvckSiJg3FTCl75Ag,Cyberzone,Phoenix,AZ,85053,33.609785,-112.147667,3,3,1
qnYm38JsfJmQaqAPo3iy4g,Lawn Mower & Small Engine Repair,Mesa,AZ,85207,33.44169777,-111.632611,2.5,3,0
qqt3xZ9Z7-d2yASdQarSuw,Regis Salon,Chandler,AZ,85226,33.301488,-111.897539,4,21,1
qraqnnpchUfx-vMiTfgcNw,Helton Brewing Company,Phoenix,AZ,85016,33.4951972,-112.0348288,4.5,167,1
qRUEQowj9yuV-HFwm9wZXw,Raul & Theresa's,Goodyear,AZ,85395,33.4613412,-112.3574828,3,180,1
QsUA_Fr6_LG8vubD7-21yg,Neveria La Tapatia,Peoria,AZ,85345,33.58151,-112.257495,4,5,1
Qu5PtrxKZf8XCCksyx8Alg,Chandler Symphony Orchestra,Chandler,AZ,85224,33.3260297,-111.8747445,5,4,1
QUQAxpzjx0A7_aMpwEIdpg,House Spouse,Phoenix,AZ,85044,33.3211123,-111.9880199,4.5,26,1
quvIrz35h5jkiGMHuESLUg,Boston Pizza,Calgary,AB,T3E 7C4,51.01730832,-114.1623957,3.5,12,1
qV9LjhOoMjiOrnRpy6jPAg,Pure Skin and Body Studios,Scottsdale,AZ,85258,33.574617,-111.9037027,5,12,1
qvg8aCAoMFmWW786Bcs59g,Yours Truly Pet Sitting,Scottsdale,AZ,85255,33.664571,-111.917841,4,5,1
qW7lM3Jo0_Ctz3X0KYNtCQ,Fresco,Chandler,AZ,85249,33.2644333,-111.8601,4.5,18,0
QwU0ZZLODse-DQjEgTA81g,Cravings,Calgary,AB,T2N 4J8,51.065853,-114.132177,4,4,1
QxryP1tMihliEZwsOk-6fw,Walmart Supercenter,Surprise,AZ,85388,33.6125172,-112.4207866,3,45,1
QzpL_WUJSUDzy2dgVOLmpg,The Golden Rule Tattoo,Phoenix,AZ,85013,33.50947821,-112.0747809,5,52,1
r_ABWH3X-4hMfEZVaq4d3Q,Scottsdale Links Resort,Scottsdale,AZ,85260,33.63885261,-111.8982279,3,70,1
R022MGPbwsI-ChjAiMh-RA,Color Bar Salon,Surprise,AZ,85374,33.6402101,-112.4218166,4,15,1
R1JAHtDMfprLAySXIIAURA,Game Depot,Tempe,AZ,85282,33.3949911,-111.9105846,4.5,62,1
R3gkU1J9k3OP6-mNcZBxPg,Streamline Collision Center,Glendale,AZ,85303,33.5474296,-112.2043852,5,3,1
r3pkt0gCNHIX8bK03QhVQQ,Varsity Natural Health Center,Calgary,AB,T3A 0X9,51.0913453,-114.1532709,3,4,1
r783hK50p1m-aZVvAJio9g,Tranquil Star Spa,Scottsdale,AZ,85251,33.4975246,-111.9241824,2,7,0
R8Fgy4cz3HQ1EeKg8VVwcw,Jo Malone London,Phoenix,AZ,85016,33.5104431,-112.0287274,5,3,1
RaDJo2WAnyVgKVQFoO2AJg,Blue Dragon Tattoos,Glendale,AZ,85301,33.53218072,-112.1747206,5,8,0
RazsWLhKl34XusnHwz7X2Q,Satori Sushi,Scottsdale,AZ,85260,33.6384065,-111.8635261,3,57,0
RbftLajeHKC0dULEKCaT5A,Rocking Horse Cafe,Balzac,AB,T0M,51.212985,-114.007862,4.5,5,0
rdnMF-d051teEVqVf4zGfA,Cintas Uniform Services Phoenix,Phoenix,AZ,85043,33.4392666,-112.178558,1,5,1
rdQojhbnoe6lX4hCyZ1hyA,Fry's Marketplace,Laveen,AZ,85339,33.379208,-112.170159,3,21,1
rdztD5Ggz-wmwvFe-d2uEQ,Bella Nails Studios,Calgary,AB,T2E 2Z7,51.0954732,-114.0624236,5,4,1
rfM1TawubVwfuMN1lxVeKw,The Big Red Wagon,Phoenix,AZ,85021,33.563442,-112.0893682,4,5,0
RHAtJKQTq82h3yaBCM3qsw,Musicology,Scottsdale,AZ,85260,33.6127902,-111.9194149,5,12,0
rHrlyW9ZiDQml0XhBEd4lQ,Marathon Mirror & Glass,Youngtown,AZ,85363,33.5964817,-112.3002328,3.5,3,1
RIiSbpF0QChP0xG9S-72aw,U.S. Bank,Phoenix,AZ,85016,33.5098493,-112.032826,2,7,1
rJdEbOWNfAELa0YETWf9Lg,deseo,Scottsdale,AZ,85254,33.62596998,-111.9327184,4,269,1
rK61f1fmBLzazBLCwq1VQQ,Arizona Lullaby Guild,Phoenix,AZ,85016,33.5335939,-112.046296,3.5,11,1
RMiZxgpxukjLMHUw9f5QKg,Magician Jolly Roger,Glendale,AZ,85302,33.5605573,-112.155058,5,6,1
RNG5IjVp9gU1ok8OhE-1wQ,North Mesa Auto Service,Mesa,AZ,85201,33.4271018,-111.8402363,3.5,3,1
rOPHAUqf38XiWYUzLKZMdg,The Kilted Handyman,Glendale,AZ,,33.5386523,-112.1859866,4.5,3,0
rP7AVp17vAIYwX1Ec4DXzA,Sonoran Foothills Pet Clinic,Phoenix,AZ,85085,33.796498,-112.118635,5,21,1
rppn_FClcJZsGqvcA-sohg,Gelato 64,Chandler,AZ,85248,33.2464267,-111.8428351,3,4,0
rPxnRLk-KMsPcsz01EakHA,LabCorp,Scottsdale,AZ,85255,33.64647418,-111.9008653,2.5,14,1
rsSrFQhtVjQ3GrjINsdsNA,Scottsdale Affordable Dentistry,Scottsdale,AZ,85253,33.53111945,-111.9276392,4.5,7,1
ru_5HmAu-W1J68VX9m2jfA,CVS Pharmacy,Phoenix,AZ,85050,33.6795,-111.9758257,4,11,1
rU83oT4_JvjOLBIyaQT4nw,The Halal Guys,Phoenix,AZ,85015,33.5201588,-112.0986365,3,45,1
rV5IZJQZanW2pyvR7rAtEg,Sunchain Tanning,Phoenix,AZ,85016,33.5092463,-112.0387542,3,8,0
RvFqkugMcgI4Hw9ZhuAWQA,Rose Cleaners & Shirt Laundry,Gilbert,AZ,85234,33.3638756,-111.7879906,3,4,1
RvXLcPXhEsHSKzcmBA3d5g,Farmhouse Pizza,Phoenix,AZ,85031,33.5095506,-112.1787444,2,25,0
rW8lhpKwlJBy1DOJaWi-EQ,A&W,Calgary,AB,T3M 2G5,50.895247,-113.9438478,3.5,5,1
RxntgNL8J0T_VXm5uf740g,Lams Market #2,Phoenix,AZ,85017,33.510306,-112.1324027,4.5,14,1
rxWQz4Tlk7nTy049qGCxcg,Barro's Pizza,Peoria,AZ,85383,33.7086001,-112.2731901,3.5,93,1
rYE2U3NWqAq1Q3laa0DUbw,Calgary Laser Health & Beauty Centre,Calgary,AB,T2P 0E7,51.0504766,-114.0631932,2.5,3,1
S09OE4EMl5e7JwkKZ5Hlaw,Fat Boys New York Pizza,Mesa,AZ,85205,33.423985,-111.7197169,3.5,36,0
S0djt12tXTcYUBoBmxb1Eg,A Awesome Window Tint,Mesa,AZ,85213,33.423725,-111.763969,5,6,1
s0y4Hdw38taD7lBn-iv_mg,Auto Air and Electric,Phoenix,AZ,85023,33.6403534,-112.1082744,4.5,20,1
S188zUF2T7cLpXSJyn5cEQ,Alliance Physical Therapy,Scottsdale,AZ,85260,33.6262328,-111.9212754,5,3,1
S1cZYWOsUY8b7tEuWvHILg,Absolute Computers,Peoria,AZ,85345,33.5811783,-112.2405069,4,4,1
s4zJbG9a1w82dn_f9A7SoQ,Gamestop,Phoenix,AZ,85033,33.4774532,-112.2188417,2.5,3,1
S69MTX9qrgAfhzreSeZOfQ,Absolute Pain Relief,Chandler,AZ,85225,33.2931634,-111.8249526,5,5,1
S6NNReoOCuHFf8TBTDVTyQ,AZ Oasis Pools,Chandler,AZ,85226,33.3038687,-111.9516598,4,4,1
s6oqSa91yXeKXe5yMpV7dQ,Jack in The Box,Phoenix,AZ,85016,33.49522053,-112.0344106,2,22,1
s7LncUuPc9yaZ7wDsIALGg,3 Margaritas,Phoenix,AZ,85032,33.640232,-111.979545,2.5,8,0
SE594hJrunTVaALEy8Guzw,Venice Pizza,Glendale,AZ,85301,33.530818,-112.159624,4.5,53,1
sg17-x_qrCstplptf7V8zQ,Leonard V Sominsky,Phoenix,AZ,85004,33.4782062,-112.0698903,4.5,6,1
SkXY9fxyq9cPwC9DhDajsA,Paver Layers,Phoenix,AZ,85021,33.563442,-112.0893682,4,14,1
sl9CkYsnp7ljVIcV2vR9lQ,Cox Communications,Gilbert,AZ,85295,33.3073768,-111.7435799,1.5,13,1
SlCyHQsrtfguytqXlaJqnQ,Jp Auto Repair Japan & European Specialists,Phoenix,AZ,85009,33.467161,-112.151998,5,6,1
SLZAWKl6Ajjh6mdBekLMHw,Amazing Lash Studio - McDowell Mountain Ranch,Scottsdale,AZ,85260,33.6191645,-111.8760361,3.5,66,1
S-mdSI4dMr-KeF28L5CMyA,Buddyz a Chicago Pizzeria,Phoenix,AZ,85048,33.30693,-112.054692,3.5,101,1
S-nijPB7FRFJBNKW0lhhYw,Brian Stevens - State Farm Insurance Agent,Phoenix,AZ,85024,33.6790557,-112.0300781,5,35,1
snJHDZ9LCtyB7O7OMpYBsQ,Chase Bank,Scottsdale,AZ,85250,33.527482,-111.925155,4,3,1
Sp80REJ8cWc5uwXFd7FL6w,World Travel Health,Glendale,AZ,85308,33.6621745,-112.1878351,3,6,1
sPH1MfwalSJWgjopNB_t9g,Arizona Tint Company,Scottsdale,AZ,85255,33.70359,-111.920308,5,26,1
sPohVy4jbaaH5Tfb5bHgeQ,Future Shop,Calgary,AB,T2H 0L6,50.991901,-114.07167,2.5,3,0
sQuR_dDELJT4lcxUp72Zmw,Sibpro Appliance Repair,Phoenix,AZ,85048,33.2909097,-112.0357137,5,5,1
SScFUJimsNJebOA8zYZjXg,Pizza Hut,Cave Creek,AZ,85331,33.7558515,-111.9929104,2.5,14,1
stDINY-WbudvOK9kfCX9Hw,Paris Optique,Chandler,AZ,85226,33.30566,-111.897755,3,10,1
sTHTwLLYw_Yk5wql3FBRTw,Mobile Phoenix Auto Glass,Fountain Hills,AZ,85268,33.5735433,-111.7219207,4.5,3,1
StjgDJD2eBr0f7nShvhENQ,Championship Tennis Tours,Scottsdale,AZ,85258,33.556453,-111.8959373,3,5,1
SUCqigQfyVT5tIk4rbfHYw,Manny's Tattoo Shop - Art Gallery & Piercing,Phoenix,AZ,85040,33.3985754,-112.0726293,5,3,1
svFAyNysputd8vK_FV201w,Honest Garage Door Service & Repair,Chandler,AZ,85226,33.313274,-111.951397,5,3,1
sx1prVhcY68pqiLD73aFFw,Champion Janitorial Supply,Gilbert,AZ,85233,33.3654924,-111.8219855,4,4,1
SXGmHvR0zLywqzcthN3DFw,"Seamless Services, Inc",Mesa,AZ,85210,33.4105746,-111.8446487,1.5,3,1
SYE03peifPHxMl8crAz_JA,Revival On Thomas,Phoenix,AZ,85018,33.4802986,-111.9737908,1,3,1
SZ533vyQE8hqY_Z5TiK7Rg,Greenway Mini Storage,Peoria,AZ,85381,33.6260694,-112.2034311,5,4,1
sZOtWHupYW3_ZT0oZDyuUw,Scottsdale Center for Women's Health,Scottsdale,AZ,85258,33.5573512,-111.8908603,3.5,36,1
sZRiaHdXC2vlW2BHf4n5lA,Be In Touch Bodywork,Mesa,AZ,85206,33.3795672,-111.7435343,5,5,1
t__RBC6SNPNlW9VJ6CVhcA,VIPAirsoft Arena,Gilbert,AZ,85234,33.3790933,-111.7493114,4,33,1
T1HrlHN5mbT2WGtcfzaf4A,1410 World Bier Haus,Calgary,AB,T2T 0C3,51.038004,-114.0934629,3,73,1
t2oD5bbnxH4rV8F-HVYZyQ,Entrust Property Management,Tempe,AZ,85284,33.34933,-111.9530079,3.5,13,1
t5FGnyhyLrhtasMd-aX9rQ,Debra Bond - Keller Williams Integrity First Realty,Mesa,AZ,85209,33.36941,-111.688759,4,6,1
t7DTwNtttwkHnKjRBpcCYw,Edible Arrangements,Tempe,AZ,85282,33.4078922,-111.9539189,3.5,14,1
T8E73SUkiImFK7SYS51VcA,Jon Ric Salon & Day Spa,Tempe,AZ,85281,33.432283,-111.9023395,4,6,0
T9aHITN4Uy2W6sVdodKadg,Ken's Nails and Spa,Phoenix,AZ,85018,33.49560575,-111.9798586,4,293,1
tBEPRDmqNLpQdeNeaEZgiA,The UPS Store,Scottsdale,AZ,85259,33.58951874,-111.8351904,3,18,1
tf5IHik80NsJWvnFWjYnCQ,J R Window Tint & Auto Glass,Phoenix,AZ,85301,33.46562907,-112.2248811,3.5,5,1
TfGjiPhYQwq0fhWuFb8J9A,Office Connection,Surprise,AZ,85379,33.6095832,-112.3924098,4,10,1
TIwiWy3cUIeAyQlzCJU0aQ,Advanced Physical Therapy,Gilbert,AZ,85297,33.2854031,-111.7169461,3.5,12,1
TkEMlu88OZn9TKZyeY9CJg,Mastro's City Hall,Scottsdale,AZ,85251,33.50139526,-111.9319242,4,886,1
tKIlfJrQv_utbvdtG1Pw2Q,Sparklin' Clean Car Wash,Phoenix,AZ,85037,33.4940102,-112.2884883,4.5,23,1
tLY9UhUsENJEuTOhz42b9Q,Rays Auto Service,Calgary,AB,T2E 6W4,51.0843159,-114.0081796,3.5,3,1
TNc5hZMqgwwwvWdWqDx4Fw,Abercrombie and Fitch,Calgary,AB,T2H 0K8,50.9978823,-114.0740046,2,3,1
TNmmbtYalu3vMUSsSdGmbA,The Pain Center of Arizona,Mesa,AZ,85204,33.3799182,-111.7643035,2.5,3,0
TNpJa62ucrd3SGznFit3rw,World Wide RV,Mesa,AZ,85205,33.416551,-111.729816,3,31,1
to2cGMKdaw7ZHbXMzpfhlA,Filiberto's Mexican Rest,Phoenix,AZ,85008,33.4660114,-112.0123338,3,7,0
ToGNKixYQG-cpV-NCdw4rA,Lori Karl,Glendale,AZ,85306,33.6261448,-112.1868521,3.5,3,1
tOv62So3XRgG39S7iBhTeA,Extended Stay America - Phoenix - Biltmore,Phoenix,AZ,85016,33.5133994,-112.0470315,2.5,35,1
towj7HS3rtzGFVjFTB6uEQ,Metro PCS,Tempe,AZ,85281,33.4155041,-111.9158491,1,4,1
TqM_HTJYJOGe1MwpbYH1fw,BoomBozz Taphouse,Gilbert,AZ,85296,33.331044,-111.791284,4,78,0
TQur3w5rlpsxRZxuomz-Xw,BurgerFi,Tempe,AZ,85281,33.4216469,-111.9252006,4,121,1
tT4cPTN5vldOBWZbfK1usw,Francesca's Collections,Gilbert,AZ,85295,33.31081,-111.772012,3.5,6,1
tTN4uBsjITY_iPZ7WyEwlQ,Mike Kortas,Chandler,AZ,85226,33.31932101,-111.8982751,2.5,10,1
Tu6T1iPock1Tvv7gXF4E8A,Agave Tree & Landscape,Gilbert,AZ,85299,33.3459968,-111.7556095,4,36,1
TW9VQaSa7bf4IwdaiOnDnQ,LA Fitness,Glendale,AZ,85302,33.5830932,-112.1846537,2.5,35,1
tWH_lB1_BtDP7x5zwZ8X4A,Chow Locally,Tempe,AZ,85281,33.4210329,-111.9681347,4.5,9,0
TxT4npNBgdKW5hsz-FFXMw,Trickshot Billiards And Hookah,Glendale,AZ,85304,33.5832797,-112.1515363,4,3,0
TZlAcfHkAMnIGT0x77Cwvw,Jiffy Lube,Phoenix,AZ,85029,33.5816108,-112.1203713,2.5,11,1
tzojahRHklHWyeJaTk9A4w,L.A. Nails and Spa,Calgary,AB,T2J 0P6,50.966735,-114.072828,3.5,8,1
u_F9tZIqqX4ITeZ6b8zVJw,Subway,Peoria,AZ,85381,33.5943341,-112.221039,2.5,12,1
u12xq-qiqsfrQc-wi84AKA,Tmc Advanced Imaging,Chandler,AZ,85224,33.3259795,-111.8582559,2.5,7,1
U1iF2RC18uBgBe01z5BMXw,Church's Chicken,Peoria,AZ,85345,33.5788804,-112.2350045,2,3,0
U21YaTK4PVlfNHQSyBkJUg,El Bravo Mexican Food,Phoenix,AZ,85020,33.5599778,-112.0657315,4,160,1
u7g756gamnofhMFOEc3_1w,"J Stanley Reidhead, DDS",Tempe,AZ,85282,33.3932776,-111.8968193,5,3,1
u922GDJGTbuIpIInojpdxg,O'Reilly Auto Parts,Phoenix,AZ,85032,33.6430499,-111.9772605,4.5,12,1
UAE4XWXwlALJsq8yycmW5w,Wildflower,Goodyear,AZ,85338,33.4601148,-112.3596667,4,239,1
UawyuBRZ6GTPc1DJLvfvZg,Technical Systems Support,Gilbert,AZ,85233,33.3519301,-111.8210866,5,15,1
Ub4_g-M8ocMSrsa9RlXu4Q,Anasazi Internal Medicine,Phoenix,AZ,85032,33.6385794,-111.9991051,3,8,1
UcDyJS7Ga26JJyzRvFgJWw,Trendz Salon Boutique,Phoenix,AZ,85015,33.5242901,-112.1071652,3.5,3,1
uCO6aHdTqWwcPAU7bYih3Q,Krispy Krunchy Chicken,Phoenix,AZ,85008,33.4653966,-111.9926392,1,8,0
udcqtAPftN3AqQCbD5aukQ,Tempe Town Marina,Tempe,AZ,85281,33.434539,-111.932489,4.5,6,1
Ude7m-m4NVZ5l-t7-AtgfQ,Acclivity Healthcare,Scottsdale,AZ,85250,33.5100504,-111.8911213,4.5,25,1
UEvT2XH9RVFaZQqmw_f4xQ,Chandler Regional Medical Center,Chandler,AZ,85224,33.29737524,-111.8746221,2.5,210,1
u-FC5R7ZpW3-jpvXq-rBIg,T & L Nail Salon,Phoenix,AZ,85029,33.595791,-112.120841,3.5,24,1
UHsyq0vMpJ9CxngsLEMxJg,Benefit BrowBar at Macy's,Chandler,AZ,85226,33.3012856,-111.8985108,5,9,1
ulrhIjzbb3MGApFVjzMsrg,Quality Inn & Suites Goodyear - Phoenix West,Goodyear,AZ,85338,33.456707,-112.342736,2.5,31,1
uLti1hOLSsq3qKw6vfZ_fw,Sharkey's Cuts for Kids,Mesa,AZ,85215,33.4520539,-111.6829807,4,21,1
UMbbXmtjdh9mtQtzEIGJrg,Miyu Nails and Spa,Litchfield Park,AZ,85340,33.509599,-112.339323,4,46,1
umEhATz7nfkc2rFUxpNLEA,Noah's Plumbing,Phoenix,AZ,85029,33.5890795,-112.1028981,5,3,1
UN7SGqgifzmabUULpfpBrQ,Security Screen Masters,Glendale,AZ,85307,33.5489506,-112.2830844,4.5,14,1
UpE5SVVv-FYKf6Eg5whIlw,The Stem Group,Calgary,AB,T3B 0E6,51.0859007,-114.1808739,5,3,1
uTlW1s0vu-LlfJLgdIUV7Q,Arizona Elite Properties,Gilbert,AZ,85297,33.277021,-111.7857801,2,30,1
uwF2y-QHF9LgSagxxluWaw,GoodLife Fitness,Calgary,AB,T2R 0S9,51.0385721,-114.0815731,3,7,1
UWxMp95YqySQtWqNjmirbQ,Hi-Life Smoke & Vapor Shop,Scottsdale,AZ,85251,33.49907141,-111.9238724,4.5,68,1
Uwzt1ruhSYIqko7XIDmD6g,Ninth Avenue Auto,Calgary,AB,T2G 0T1,51.0415665,-114.0347832,3.5,3,1
uxdZtB_2lnkL0r08RVVW2w,"Pointe at Applewood Apartment Homes, The",Calgary,AB,T2A 7Y6,51.04032201,-113.930048,2,4,1
uztqo9srUXHPrVpCw1yARw,Fruiticana,Calgary,AB,T3J 3K9,51.097389,-113.9613353,4.5,3,1
V40uFMy7dRBNGuCD_O1KuA,Chandler Museum,Chandler,AZ,85226,33.297906,-111.902398,4,4,1
vF4AGRpWuN9n9AeF4Vf1gg,Circle K,Phoenix,AZ,85048,33.306812,-112.0557589,3,4,1
vGTpGNTChbMwVMljNvc3lA,Peaseblossoms Flowers & Stuff,Calgary,AB,T2R 1G7,51.0395545,-114.0891172,4,4,1
Vi9PbOtMhgiqvy78ec6RUA,Hot Spring Spa Service & Repair,Mesa,AZ,85210,33.3961975,-111.8248042,2,17,1
vIJl-K9K7SRes6GyIYm7iw,Integrative Veterinary Oncology PC,Phoenix,AZ,85021,33.5389418,-112.1085082,2.5,6,0
vK9iOkCIdSsFIzf7liKl2w,Esxoss Manway,Calgary,AB,T2H 0J6,51.0033696,-114.0704941,3.5,5,1
vnPzTPIegrEoeFhGHJlY0g,The Locked Room,Calgary,AB,T2J 0S2,50.9621989,-114.0591675,3.5,10,1
vofxFAWnrCVtD6ZwI5l5vA,Totem Yoga,Phoenix,AZ,85016,33.485329,-112.0473576,5,6,1
vQEYiJH7p1t_CZYPmVmsxA,Pioneer Cardiovascular Consultants,Tempe,AZ,85283,33.377969,-111.894611,2.5,5,1
VQne8_YPHB745MNlVmL_Gw,Favorite Maids,Phoenix,AZ,85020,33.5459384,-112.0403247,1,6,1
vRbZOal_ue8wK9DBzXvROg,Homewood Suites by Hilton Phoenix Metro Center,Phoenix,AZ,85021,33.579659,-112.114685,3,28,1
vrU9f2x__QeSBvt6Er8NCQ,De Thai Cuisine,Calgary,AB,T2T 1Z9,51.0238491,-114.1125703,3.5,8,1
VSbximpV-Unqf1IPCdKpYw,LaGravinese Jewelry Appraisals & Services,Mesa,AZ,85215,33.4689258,-111.683171,4.5,15,1
vu25wZjkRRbFTZwqQmrpKQ,Emerald Computers,Peoria,AZ,85345,33.5730754,-112.223918,3,8,1
VVxf_sOaHqLzFLDMDYUpVA,Quick Stop,Phoenix,AZ,85032,33.6230184,-112.0301712,5,3,1
VwNi5su88rWZJsWxoeTIDA,The Good Dispensary,Mesa,AZ,85202,33.40887701,-111.8714772,3,19,1
vXqDnIIyPVQmQERS9x50Pg,Berridge Nurseries,Phoenix,AZ,85018,33.5082929,-111.9787512,4,28,1
vxyUMCNMg0FLA16rDQVixA,US Post Office,Phoenix,AZ,85009,33.447113,-112.135193,1.5,11,1
vZ9gVLN6Tfdy7Ut03kEEFg,Darque Tan,Tempe,AZ,85282,33.4080225,-111.9108214,3.5,8,0
w0ILJ3DokhvBOevp_zNnDQ,Starbucks,Phoenix,AZ,85022,33.639172,-112.070483,3.5,83,1
W1E-npMgM9ktgNhQMlL6Rw,Angles Hair & Aesthetics,Calgary,AB,T1Y 7J6,51.0743014,-113.9902587,4,4,1
w41tT1pDoTS4K5jKs3QY0A,Banner Health Center MedSpa,Phoenix,AZ,85050,33.6743289,-111.9856911,5,5,1
W6q7CANl3UbQa5hGCYU5OQ,Starbucks,Avondale,AZ,85323,33.4339319,-112.3046247,4,17,1
W6SaHPyp496fx-6rZXKYgA,Smileworks Dentistry,Chandler,AZ,85249,33.218296,-111.822055,4.5,10,1
W8xG9Bzk3TPPkBR5jx1pgg,Casablanca Rooftop Lounge,Scottsdale,AZ,85251,33.499534,-111.92792,3.5,187,1
w8-ZEZZaI857IvrBl7CKlw,Win Garden,Airdrie,AB,T4B 2Y1,51.2673123,-114.0031099,4.5,7,1
w91ARK_bAgqtXIMXJUoP8w,Hana's Cafe,Scottsdale,AZ,85259,33.584274,-111.8342047,4,3,0
W9a7np6PjvDqatI5j6AscA,Lendingtree,Phoenix,AZ,85003,33.4495511,-112.0789355,1,11,1
wBegeQhoVNze-GOt-GqdsA,Amazing Lash Studio - San Tan Village,Gilbert,AZ,85295,33.3001858,-111.7435211,3,79,1
WBgzRTitugd4ML4R9Z6xbA,Sally Beauty Supply,Surprise,AZ,85388,33.61037,-112.42123,3.5,4,1
wc1SWmGnjXJrtPeX8trb5A,Valley Spinal Care Kierland,Scottsdale,AZ,85254,33.62483387,-111.9435854,4.5,32,1
wcbue65w2R8UYF5t1W9_dA,Legends Sports Bar & Restaurant,Phoenix,AZ,85004,33.443909,-112.070122,3,16,0
Wd_lW8TP1JPE0r0onENL8w,CFC Gift Card,Phoenix,AZ,85023,33.6117396,-112.1105257,2.5,3,1
W-dBnII8k4I_ZI2QVAW3rg,Bradford Endodontics,Sun City West,AZ,85375,33.6561502,-112.3595284,4,4,1
WFK9zFKT3A4p2D4AbGDt-Q,CrossFit Insidious,Mesa,AZ,85209,33.3880979,-111.6781444,5,7,1
Wh7g0pSm8QY-zDelsgKvPg,Tempe Christian School,Tempe,AZ,85282,33.3868089,-111.9255139,4,3,1
Wi7_6voDUC7YavCyA4DXeg,Saguaro Scuba,Mesa,AZ,85204,33.3840455,-111.8122833,4.5,13,1
wiRJwuq4sCoTFCehR1WuOg,K & J Windows,Phoenix,AZ,85021,33.55549198,-112.1106157,5,113,1
wirPnf-1SDGNYejMiV6rcQ,El Paso BBQ,Scottsdale,AZ,85258,33.5706,-111.9021,3.5,8,0
wItgqgUAGgudT-bT1K9Jdg,Ming Hair Salon,Phoenix,AZ,85015,33.5081735,-112.0947772,4.5,24,1
Wiy9z0W_WrBeiF0piNGnfA,Valley Radiologists - Estrella Office and Breast Center,Phoenix,AZ,85037,33.478229,-112.260331,4.5,5,1
WJ7-t92YcKK72app8xNo7w,Pacific Coast Landscaping and Pool,Mesa,AZ,85210,33.3902569,-111.8449346,4,8,1
wM5hXxZHSB4a6UhJxIwtJg,Allstate Insurance: Jason Tuttle,Chandler,AZ,85248,33.23233624,-111.857829,5,3,1
wnFLn27HC5vQHUjYv8keew,Global Dental Science,Scottsdale,AZ,85260,33.6288399,-111.900033,3,4,1
WozFaG_gz9SpHFc8DA-xpQ,American Five Star Auto Repair & Transmission,Tempe,AZ,85281,33.414985,-111.897187,3.5,52,1
WrlPHbHsFr-6S2cRgQhjww,Savers,Phoenix,AZ,85037,33.4947065,-112.2919195,3.5,16,1
WsQEitjXhr4P7SsHmySVCA,Arizona Leather Interiors,Scottsdale,AZ,85254,33.6165258,-111.9269887,4.5,51,1
wT7E0D8i9zJAKM2xDn8ygw,Boston Pizza,Calgary,AB,T2E 4Y7,50.98746084,-114.0454114,3,15,1
wVa7f712Jdonol3dpTK0Dg,Signature Vacation Rentals,Phoenix,AZ,85032,33.613052,-111.976881,3,4,1
WVBunygqFNO6UeI6CUMwYw,La Boulangerie,Calgary,AB,T2S 1X2,51.03084207,-114.0717528,4,51,1
wvhWoIQDWg8sap43TNJ41g,Shana N Wingo MD - Arizona Oncology,Phoenix,AZ,85027,33.6654745,-112.1181977,4,5,1
Wy4S2z9LxMFtAU2n1wJsOQ,Barrett Eastman Property Management,Phoenix,AZ,85023,33.6542583,-112.1124178,1,8,0
wYanydP3E4AYhkapXz2NxA,Randolph Properties,Scottsdale,AZ,85259,33.5916171,-111.7807962,5,3,1
wyFV6UN--hH_ifbvdsjSkQ,Fleming's Prime Steakhouse - Scottsdale,Scottsdale,AZ,85250,33.53026968,-111.9263506,4,370,1
wYUTY4TpfsPOeRfRzRfk0Q,OrthoArizona,Gilbert,AZ,85234,33.3841942,-111.7257952,3,34,1
wz-fBFCFbh6Oii5pz6uR4A,Toys R Us,Scottsdale,AZ,85250,33.5364541,-111.8839604,2.5,20,0
WZfseEorRXqX_sMmpV28CA,Wellspring Center for Health & Healing,Scottsdale,AZ,85254,33.6135246,-111.9250407,4.5,13,1
X_IOr7KQEJsYinPawg7oAg,The Laser's Edge,Calgary,AB,T2T 0E3,51.0380807,-114.0976359,5,3,1
X0HXRnDOu48gicatM_seog,Tuba,Airdrie,AB,T4A 2E4,51.2710541,-113.9925649,4.5,4,0
x10GdGZDOzImzE3sF0020g,Blue Coyote Cafe,Scottsdale,AZ,85256,33.540497,-111.869368,3.5,89,1
X2QZX4TJDj2NtOdvdTH7nA,Oak Creek Apts,Phoenix,AZ,85013,33.5002946,-112.0840741,2.5,3,1
xaqr8QycN08zKoD1-qe2lw,Signs By Tomorrow - Glendale,Peoria,AZ,85345,33.5718435,-112.2558193,4,5,1
xaVBOkw_jxlvEnz1N532zw,Sweet Tooth Ice Cream,Calgary,AB,T2G 2B6,51.05090051,-114.0625226,4,48,1
xbid183atGrvCg-q5ohWwQ,Crème & Chocolats,Mesa,AZ,85204,33.3833756,-111.7570152,4.5,107,1
xClMAD2h_LtVSkvwFaaNpg,A Dressy Occasion,Gilbert,AZ,85234,33.37824788,-111.7423853,4,6,1
XEsVFQToywjhqHmgS3uvJw,American Cooling and Heating,Gilbert,AZ,85234,33.3616351,-111.7897511,5,29,1
XFkbvToZeNB1y7fSu3_7Aw,Ross Dress for Less,Goodyear,AZ,85338,33.4628223,-112.3612522,2.5,21,1
xGhAYdoJ6hzGsSIRVZD1PQ,Troy's Aqua Blue Pool Service,Scottsdale,AZ,85254,33.623961,-111.963167,3.5,3,1
xh8AkTZKwia01V-6AiYAbQ,Molina Bridal,Avondale,AZ,85323,33.4668785,-112.279787,3.5,12,0
XhLM_OtYslzyd4GyvpqACA,European Wax Center,Phoenix,AZ,85050,33.67802029,-111.9784813,4,49,1
xHr7cz0fVq-1hF9SowJjIQ,B&T Pools,Phoenix,AZ,85032,33.6364503,-112.0118669,3,4,0
XHwzSK82TK1c9qZ8O8ooJQ,Crescent Heights Optometry,Calgary,AB,T2E 3J8,51.05907,-114.054577,2,4,1
xhyzmAnZp2snpBklfcr3Sw,Sizzle Korean Barbeque,Phoenix,AZ,85050,33.67604777,-111.9720403,4,407,1
XIKDww68lKtx67ZuPcAhQA,Goodies Galore,Fountain Hills,AZ,85268,33.6042647,-111.7172019,5,3,0
xiT9ZAnbEOwk_dn4SkW4fQ,Off Camber Studios,Scottsdale,AZ,85258,33.5786803,-111.9255605,4.5,142,1
XjK_RdcwxdQOBEshMWv3sA,Five Star Carpet Cleaning,Gilbert,AZ,85233,33.368966,-111.811676,5,5,1
XKiCkP6OADojiNmwiczvow,American Fine Art,Scottsdale,AZ,85251,33.4928563,-111.9263964,3,18,1
XLM_v9NZ6n3NMBD9kb8Xiw,Reinhard's German Autohaus,Mesa,AZ,85205,33.4161159,-111.715138,1,4,0
XLqt0OwlmCwWz3zsVcSYsw,Idance Studio and Performing Arts,Gilbert,AZ,85295,33.3083532,-111.77176,5,4,1
XNp5OYhAqY9MBLFQBZaDIg,Soulless Performance,Gilbert,AZ,85233,33.3755654,-111.8171232,4.5,21,1
XnPZw9Mg1igDgcK_KxN67A,Snow Property Services,Mesa,AZ,85212,33.3410342,-111.6862412,2.5,17,1
XPjlZl2HOeNR7JzuXEOegQ,Am Golden Touch Massage,Sun City,AZ,85351,33.6227933,-112.2715187,4.5,4,1
xPMTtN8NSuW8qZg5Z7CNWw,Advantage Pure Flo,Mesa,AZ,85215,33.4386111,-111.7011944,5,5,1
xpYRWIoEIKyK2K58_rR0Nw,Golfland Sunsplash,Mesa,AZ,85210,33.3878222,-111.8363856,3.5,223,1
xQTl_TynHfFoHy9nGCri8w,Chatters Salon,Calgary,AB,T2P 2Z2,51.0460373,-114.0699606,2.5,7,1
xQybo8lNKT-_86LP5G0WUQ,Belle Lacet Lingerie,Chandler,AZ,85226,33.3181459,-111.9657564,4.5,39,1
XqzOzjezod88Fgf16AWplA,Target Optical,Phoenix,AZ,85044,33.3216314,-111.9809235,4,4,1
xRHbsV3S884mE95p4-nOmQ,Papa Murphy's,Glendale,AZ,85308,33.6671314,-112.1870865,4,18,1
XRzPFyVuZsrC8tT4Fyn_EQ,Look Plumbing,Mesa,AZ,85206,33.3951613,-111.7018452,5,3,1
xS8CoOdnyQLbnXwtJhAtjw,AT&T Store,Phoenix,AZ,85018,33.4957316,-111.988998,2,9,1
XSClqCFZ8rCV2qIONha1MA,Level One Market,Phoenix,AZ,85004,33.4474123,-112.0706117,3,6,1
xVoPh8oCb29J5dMURoowBg,Rare Earth,Scottsdale,AZ,85262,33.7413162,-111.8441435,3.5,73,0
Xy9JBrq7u-a41AZCUQDs_w,Southwest Eye Surgeon,Peoria,AZ,85381,33.6083181,-112.2564014,3.5,5,1
y5c0YJRMxoOaZp7xdHFl8w,MinuteClinic,Phoenix,AZ,85050,33.6551386,-112.0127851,2,5,1
y5X2nO5i_rlqOwwUETwd1Q,Spring Roll Factory,Chandler,AZ,85226,33.3044272,-111.9479565,4.5,127,0
Y9fziLjGYFpMTHFXSe4e1w,AC by J,Scottsdale,AZ,85260,33.6122348,-111.9173629,4,70,1
YBIhTjmEH3IEZW4Dr5ReRA,Wong's Chinese Cuisine,Phoenix,AZ,85037,33.49423211,-112.2881134,4.5,296,1
ygTI0aVpnWq7SrmR3pqgOQ,Denise is Cooking,Phoenix,AZ,85004,33.457929,-112.067834,5,7,0
yGxawM70_AVsn3_1O6SqTw,Abercrombie & Fitch,Chandler,AZ,85226,33.3007164,-111.8990202,3,8,1
ygZSfAsnlztdeWZOlJA2Ug,Barro's Pizza,Tempe,AZ,85283,33.378956,-111.925552,4,92,1
yJHSnzSOHa0lBhqlw6rkxw,Pretty Please,Scottsdale,AZ,85255,33.67132856,-111.905235,4.5,7,1
YJlVKAH80iptMCsN6TZevA,Burger King,Phoenix,AZ,85053,33.6392335,-112.1359656,1.5,31,0
YJnewSVtwX3ZzNMj0cqWgg,Ashley Furniture Home Store,Scottsdale,AZ,85254,33.6157936,-111.9262771,2,6,0
yK5_Z3B08K6224LubNxRXw,"David Kelly, MD",Gilbert,AZ,85297,33.2860851,-111.7572876,5,10,1
Yk8pVAMl2U-NqY7Fj7zbdA,Crepes and Bakes,Paradise Valley,AZ,85253,33.5393489,-111.9239084,4,4,0
YkyiURdNl438Uy21OL-8Bw,One Stop Nutrition,Avondale,AZ,85392,33.4604723,-112.3365245,4,27,1
ylxqmxh2gO1yCpQkIk6o3A,Niro's Gyros,Phoenix,AZ,85044,33.34802085,-111.980879,4,206,1
YMeONTVyOMn5_3LlkXmdhg,Church's Chicken,Phoenix,AZ,85015,33.524762,-112.1112814,3,6,1
ymf1pP1pjiQG6kmVN46PIg,Surprise Angels Gymnastics,Surprise,AZ,85374,33.64261253,-112.3443618,4,7,1
YQxYzPXYMrK6Uhk7I5yIKw,Boba & Donuts,Tempe,AZ,85283,33.378622,-111.97689,4,13,1
yrptDC1JvZXHKr4Zpnv6Xg,Supercuts,Mesa,AZ,85204,33.3940352,-111.7542464,3,8,1
YST448LplxH6SMLNq2vsOw,Ambrosia Water & Ice Company,Goodyear,AZ,85338,33.452165,-112.394266,3.5,13,1
YtJCzAbpFOYZ-lF3pgWHdA,US Post Office,Mesa,AZ,85213,33.422595,-111.7726868,1.5,15,1
yTqAa2q68d2dsPiVjvh0Kw,LDV Pizza Bar,Calgary,AB,T2E 0C5,51.0532783,-114.0417156,4,35,1
YTVa60Fn-_33SIyNhMWRgg,Tintas Granite & Flooring,Surprise,AZ,85378,33.6429522,-112.3481666,3.5,18,1
yUkOP3Tmdp1pWA7p3zHboQ,Gordon Biersch Brewery Restaurant,Phoenix,AZ,85054,33.65463463,-111.9292059,3.5,195,1
yVkBHVMFBuoKtGPYgMVmxQ,ENVIROPRO Group,Peoria,AZ,85385,33.61,-112.23,1.5,7,0
YyfhcWvQUA7M38V-89ubAA,Prolete Natural Health Center,Gilbert,AZ,85296,33.319962,-111.7761277,3,4,0
YZ3ldDKLvAmlda1oe4d3Hg,Fabric Depot & Supply,Phoenix,AZ,85032,33.6389897,-112.0302618,4,36,1
YZ9LXD5cZdKI12JCFHtx_Q,AZ Residential Management,Mesa,AZ,85203,33.4222475,-111.7969038,1.5,7,1
z01_gDUfmedOuX2UZYF33w,E-Z Buffet,Phoenix,AZ,85032,33.6272318,-112.0121147,2,26,0
Z1EMKsow2XgbgVYoGbX20g,Pizzario Phoenix,Phoenix,AZ,85034,33.4229091,-112.0349956,5,8,1
Z2lhc3Oe3tRmupnJSa0Kig,Cousins Subs,Glendale,AZ,85308,33.6401421,-112.1745837,4,8,0
z3hiuCDI9yCqf2SeiClmdA,Grade Aid Learning,Calgary,AB,T2P 0P8,51.0476074,-114.0643387,3,3,0
Z5ZlzHF_ELn5e8hhkrtWTQ,Cabrera's Cleaners,Mesa,AZ,85210,33.3652505,-111.8607012,1.5,5,1
Z8LsYdX-4wJxbi-x4GV3xA,Salt River Tubing,Mesa,AZ,85201,33.54496934,-111.6115424,4,212,1
Z8QYcQrjXP5U1orZfzK6Ig,La Pina Loca,Phoenix,AZ,85031,33.4947126,-112.1575756,3,10,1
Za2eCgmhqVtqbsydGucpeQ,Arizona Iron Patio Furniture,Phoenix,AZ,85007,33.456204,-112.088814,5,24,1
zCUxL3tpQmhMla8zSAOgYg,QuikTrip,Phoenix,AZ,85037,33.4947114,-112.256082,3,8,1
ZdoKQ8yxkgy8uHglpoY8Ow,Goodwill,Litchfield Park,AZ,85340,33.5105475,-112.3424177,3,12,1
ZFAqQKvneAOq_azkGb5dWg,State of the Art Designers in Hair,Phoenix,AZ,85016,33.509937,-112.03078,4,8,1
ZFaz8IY42tHuJo9d5o_qeQ,Mr Sub,Calgary,AB,T2G 5E8,51.0114385,-114.0654181,4,6,1
zg_N8jFAos1D4xeUkKUZ5A,Jeremy The Handyman,Scottsdale,AZ,85251,33.4986286,-111.9224398,4.5,65,1
zG5NJRsfsQaqhsDv_db41g,Murphy Appliance & Electronic Service,Calgary,AB,,51.0486151,-114.0708459,1,17,1
Z-gF24KbojCA-E60nfp-pQ,Phoenician Pines,Phoenix,AZ,85053,33.6421511,-112.1326093,2.5,6,1
zh783HrawQEWI57tZY9E5w,Effective Training Solutions,Phoenix,AZ,85008,33.476784,-111.988207,4.5,7,0
zjzgOVj4tMwMyYkG5lMHjA,Budo Shingikan,Mesa,AZ,85205,33.4492299,-111.7259731,3,9,1
ZK8pCnqUVV-damCrjcMl8g,Classic Stairs & Remodeling,Mesa,AZ,85206,33.40028718,-111.7279247,4.5,4,1
ZKsVCA89iXMccf3fEhS3iw,Angry Crab Peoria,Peoria,AZ,85381,33.59669692,-112.2233175,4.5,574,1
ZL0HOcu8CuUzlcG_-nDRkA,Modern City Solar,Phoenix,AZ,85027,33.7008981,-112.1082308,3,8,1
ZMgsoabmAoy_xa5baozMwQ,"Brett Dameron, DDS",Phoenix,AZ,85032,33.5988259,-112.0134733,4.5,24,1
zpC-0J9p7V26ZZAVses64A,Tokyo Joe's,Scottsdale,AZ,85254,33.636115,-111.92584,4,81,1
ZRdHKIjiIa0k5-ufCLyIaQ,Denny's,Phoenix,AZ,85027,33.6833375,-112.1149421,2.5,48,1
ZSPyZ9dVZiuz4r2noK06wg,Four Star Auto Sales,Mesa,AZ,85201,33.4206834,-111.8395917,1,3,1
ZVdvX5Ikavkwk0LmFrfxDg,Frankie Victoria,Scottsdale,AZ,85251,33.4830359,-111.9354581,4.5,7,1
zygi_qdda2P2671LnK5dPw,Walgreens,Peoria,AZ,85382,33.6677871,-112.280781,1,3,1
ZYQYgXPPjAwA0AtY8ndXmw,Can-Do Engraving & Specialties,Sun City,AZ,85351,33.6228561,-112.2713446,5,3,1
zzDJg87wUzGWPXesYEnFkQ,Cactus Chiropractic,Peoria,AZ,85381,33.5973705,-112.2191211,5,5,1
Zzxumho-I7eJ-kXXfurK8w,Desert Castle Pest Control,Mesa,AZ,85203,33.445974,-111.8032005,5,4,1
